<?xml version="1.0" encoding="ISO-8859-1" ?>
<link_info>
   <banner>TI ARM Linker PC v20.2.5.LTS</banner>
   <copyright>Copyright (c) 1996-2018 Texas Instruments Incorporated</copyright>
   <link_time>0x624bc95f</link_time>
   <link_errors>0x0</link_errors>
   <output_file>lab_adc.out</output_file>
   <entry_point>
      <name>_c_int00_noinit_noargs</name>
      <address>0x711</address>
   </entry_point>
   <input_file_list>
      <input_file id="fl-2">
         <path>.\</path>
         <kind>object</kind>
         <file>lab_adc.obj</file>
         <name>lab_adc.obj</name>
      </input_file>
      <input_file id="fl-3">
         <path>.\</path>
         <kind>object</kind>
         <file>startup_ccs.obj</file>
         <name>startup_ccs.obj</name>
      </input_file>
      <input_file id="fl-8">
         <kind>object</kind>
         <file>&lt;internal&gt;</file>
         <name>&lt;internal&gt;</name>
      </input_file>
      <input_file id="fl-be">
         <path>C:\ti\ccs1110\ccs\tools\compiler\ti-cgt-arm_20.2.5.LTS\lib\</path>
         <kind>archive</kind>
         <file>rtsv7M4_T_le_v4SPD16_eabi.lib</file>
         <name>fd_mul_t2.asm.obj</name>
      </input_file>
      <input_file id="fl-bf">
         <path>C:\ti\ccs1110\ccs\tools\compiler\ti-cgt-arm_20.2.5.LTS\lib\</path>
         <kind>archive</kind>
         <file>rtsv7M4_T_le_v4SPD16_eabi.lib</file>
         <name>fd_tos_t2.asm.obj</name>
      </input_file>
      <input_file id="fl-c0">
         <path>C:\ti\ccs1110\ccs\tools\compiler\ti-cgt-arm_20.2.5.LTS\lib\</path>
         <kind>archive</kind>
         <file>rtsv7M4_T_le_v4SPD16_eabi.lib</file>
         <name>fs_tod_t2.asm.obj</name>
      </input_file>
      <input_file id="fl-c1">
         <path>C:\ti\ccs1110\ccs\tools\compiler\ti-cgt-arm_20.2.5.LTS\lib\</path>
         <kind>archive</kind>
         <file>rtsv7M4_T_le_v4SPD16_eabi.lib</file>
         <name>copy_zero_init.c.obj</name>
      </input_file>
      <input_file id="fl-c2">
         <path>C:\ti\ccs1110\ccs\tools\compiler\ti-cgt-arm_20.2.5.LTS\lib\</path>
         <kind>archive</kind>
         <file>rtsv7M4_T_le_v4SPD16_eabi.lib</file>
         <name>copy_decompress_none.c.obj</name>
      </input_file>
      <input_file id="fl-c3">
         <path>C:\ti\ccs1110\ccs\tools\compiler\ti-cgt-arm_20.2.5.LTS\lib\</path>
         <kind>archive</kind>
         <file>rtsv7M4_T_le_v4SPD16_eabi.lib</file>
         <name>copy_decompress_lzss.c.obj</name>
      </input_file>
      <input_file id="fl-c4">
         <path>C:\ti\ccs1110\ccs\tools\compiler\ti-cgt-arm_20.2.5.LTS\lib\</path>
         <kind>archive</kind>
         <file>rtsv7M4_T_le_v4SPD16_eabi.lib</file>
         <name>boot_cortex_m.c.obj</name>
      </input_file>
      <input_file id="fl-c5">
         <path>C:\ti\ccs1110\ccs\tools\compiler\ti-cgt-arm_20.2.5.LTS\lib\</path>
         <kind>archive</kind>
         <file>rtsv7M4_T_le_v4SPD16_eabi.lib</file>
         <name>memcpy_t2.asm.obj</name>
      </input_file>
      <input_file id="fl-c6">
         <path>C:\ti\ccs1110\ccs\tools\compiler\ti-cgt-arm_20.2.5.LTS\lib\</path>
         <kind>archive</kind>
         <file>rtsv7M4_T_le_v4SPD16_eabi.lib</file>
         <name>memset_t2.asm.obj</name>
      </input_file>
      <input_file id="fl-c7">
         <path>C:\ti\ccs1110\ccs\tools\compiler\ti-cgt-arm_20.2.5.LTS\lib\</path>
         <kind>archive</kind>
         <file>rtsv7M4_T_le_v4SPD16_eabi.lib</file>
         <name>autoinit.c.obj</name>
      </input_file>
      <input_file id="fl-c8">
         <path>C:\ti\ccs1110\ccs\tools\compiler\ti-cgt-arm_20.2.5.LTS\lib\</path>
         <kind>archive</kind>
         <file>rtsv7M4_T_le_v4SPD16_eabi.lib</file>
         <name>pre_init.c.obj</name>
      </input_file>
      <input_file id="fl-c9">
         <path>C:\ti\ccs1110\ccs\tools\compiler\ti-cgt-arm_20.2.5.LTS\lib\</path>
         <kind>archive</kind>
         <file>rtsv7M4_T_le_v4SPD16_eabi.lib</file>
         <name>cpy_tbl.c.obj</name>
      </input_file>
      <input_file id="fl-ca">
         <path>C:\ti\ccs1110\ccs\tools\compiler\ti-cgt-arm_20.2.5.LTS\lib\</path>
         <kind>archive</kind>
         <file>rtsv7M4_T_le_v4SPD16_eabi.lib</file>
         <name>exit.c.obj</name>
      </input_file>
      <input_file id="fl-cb">
         <path>C:\ti\ccs1110\ccs\tools\compiler\ti-cgt-arm_20.2.5.LTS\lib\</path>
         <kind>archive</kind>
         <file>rtsv7M4_T_le_v4SPD16_eabi.lib</file>
         <name>_lock.c.obj</name>
      </input_file>
      <input_file id="fl-cc">
         <path>C:\ti\ccs1110\ccs\tools\compiler\ti-cgt-arm_20.2.5.LTS\lib\</path>
         <kind>archive</kind>
         <file>rtsv7M4_T_le_v4SPD16_eabi.lib</file>
         <name>args_main.c.obj</name>
      </input_file>
      <input_file id="fl-cd">
         <path>C:\ti\tivaware_c_series_2_1_4_178\driverlib\ccs\Debug\</path>
         <kind>archive</kind>
         <file>driverlib.lib</file>
         <name>adc.obj</name>
      </input_file>
      <input_file id="fl-ce">
         <path>C:\ti\tivaware_c_series_2_1_4_178\driverlib\ccs\Debug\</path>
         <kind>archive</kind>
         <file>driverlib.lib</file>
         <name>interrupt.obj</name>
      </input_file>
      <input_file id="fl-cf">
         <path>C:\ti\tivaware_c_series_2_1_4_178\driverlib\ccs\Debug\</path>
         <kind>archive</kind>
         <file>driverlib.lib</file>
         <name>sysctl.obj</name>
      </input_file>
      <input_file id="fl-d0">
         <path>C:\ti\tivaware_c_series_2_1_4_178\driverlib\ccs\Debug\</path>
         <kind>archive</kind>
         <file>driverlib.lib</file>
         <name>cpu.obj</name>
      </input_file>
   </input_file_list>
   <object_component_list>
      <object_component id="oc-12">
         <name>.intvecs</name>
         <load_address>0x0</load_address>
         <run_address>0x0</run_address>
         <size>0x26c</size>
         <input_file_ref idref="fl-3"/>
      </object_component>
      <object_component id="oc-11e">
         <name>.text</name>
         <load_address>0x26c</load_address>
         <run_address>0x26c</run_address>
         <size>0xfc</size>
         <input_file_ref idref="fl-be"/>
      </object_component>
      <object_component id="oc-dd">
         <name>.text:SysCtlClockSet</name>
         <load_address>0x368</load_address>
         <run_address>0x368</run_address>
         <size>0xf4</size>
         <input_file_ref idref="fl-cf"/>
      </object_component>
      <object_component id="oc-b0">
         <name>.text:main</name>
         <load_address>0x45c</load_address>
         <run_address>0x45c</run_address>
         <size>0xa8</size>
         <input_file_ref idref="fl-2"/>
      </object_component>
      <object_component id="oc-f5">
         <name>.text:ADCSequenceStepConfigure</name>
         <load_address>0x504</load_address>
         <run_address>0x504</run_address>
         <size>0x7a</size>
         <input_file_ref idref="fl-cd"/>
      </object_component>
      <object_component id="oc-123">
         <name>.text</name>
         <load_address>0x57e</load_address>
         <run_address>0x57e</run_address>
         <size>0x6e</size>
         <input_file_ref idref="fl-bf"/>
      </object_component>
      <object_component id="oc-ef">
         <name>.text:ADCSequenceConfigure</name>
         <load_address>0x5ec</load_address>
         <run_address>0x5ec</run_address>
         <size>0x50</size>
         <input_file_ref idref="fl-cd"/>
      </object_component>
      <object_component id="oc-e9">
         <name>.text:SysCtlPeripheralReady</name>
         <load_address>0x63c</load_address>
         <run_address>0x63c</run_address>
         <size>0x38</size>
         <input_file_ref idref="fl-cf"/>
      </object_component>
      <object_component id="oc-119">
         <name>.text</name>
         <load_address>0x674</load_address>
         <run_address>0x674</run_address>
         <size>0x38</size>
         <input_file_ref idref="fl-c0"/>
      </object_component>
      <object_component id="oc-e3">
         <name>.text:SysCtlPeripheralEnable</name>
         <load_address>0x6ac</load_address>
         <run_address>0x6ac</run_address>
         <size>0x34</size>
         <input_file_ref idref="fl-cf"/>
      </object_component>
      <object_component id="oc-10d">
         <name>.text:ADCIntStatus</name>
         <load_address>0x6e0</load_address>
         <run_address>0x6e0</run_address>
         <size>0x2e</size>
         <input_file_ref idref="fl-cd"/>
      </object_component>
      <object_component id="oc-33">
         <name>.text:FaultISR</name>
         <load_address>0x70e</load_address>
         <run_address>0x70e</run_address>
         <size>0x2</size>
         <input_file_ref idref="fl-3"/>
      </object_component>
      <object_component id="oc-65">
         <name>.text:_c_int00_noinit_noargs:_c_int00_noinit_noargs</name>
         <load_address>0x710</load_address>
         <run_address>0x710</run_address>
         <size>0x2c</size>
         <input_file_ref idref="fl-c4"/>
      </object_component>
      <object_component id="oc-113">
         <name>.text:ADCSequenceDataGet</name>
         <load_address>0x73c</load_address>
         <run_address>0x73c</run_address>
         <size>0x1e</size>
         <input_file_ref idref="fl-cd"/>
      </object_component>
      <object_component id="oc-107">
         <name>.text:ADCProcessorTrigger</name>
         <load_address>0x75a</load_address>
         <run_address>0x75a</run_address>
         <size>0x18</size>
         <input_file_ref idref="fl-cd"/>
      </object_component>
      <object_component id="oc-fb">
         <name>.text:ADCSequenceEnable</name>
         <load_address>0x772</load_address>
         <run_address>0x772</run_address>
         <size>0xe</size>
         <input_file_ref idref="fl-cd"/>
      </object_component>
      <object_component id="oc-101">
         <name>.text:ADCIntClear</name>
         <load_address>0x780</load_address>
         <run_address>0x780</run_address>
         <size>0xa</size>
         <input_file_ref idref="fl-cd"/>
      </object_component>
      <object_component id="oc-27">
         <name>.text:ResetISR</name>
         <load_address>0x78a</load_address>
         <run_address>0x78a</run_address>
         <size>0x6</size>
         <input_file_ref idref="fl-3"/>
      </object_component>
      <object_component id="oc-169">
         <name>.text:SysCtlDelay</name>
         <load_address>0x790</load_address>
         <run_address>0x790</run_address>
         <size>0x6</size>
         <input_file_ref idref="fl-cf"/>
      </object_component>
      <object_component id="oc-aa">
         <name>.text:_system_pre_init</name>
         <load_address>0x796</load_address>
         <run_address>0x796</run_address>
         <size>0x4</size>
         <input_file_ref idref="fl-c8"/>
      </object_component>
      <object_component id="oc-129">
         <name>.text:abort:abort</name>
         <load_address>0x79a</load_address>
         <run_address>0x79a</run_address>
         <size>0x4</size>
         <input_file_ref idref="fl-ca"/>
      </object_component>
      <object_component id="oc-39">
         <name>.text:IntDefaultHandler</name>
         <load_address>0x79e</load_address>
         <run_address>0x79e</run_address>
         <size>0x2</size>
         <input_file_ref idref="fl-3"/>
      </object_component>
      <object_component id="oc-2d">
         <name>.text:NmiSR</name>
         <load_address>0x7a0</load_address>
         <run_address>0x7a0</run_address>
         <size>0x2</size>
         <input_file_ref idref="fl-3"/>
      </object_component>
      <object_component id="oc-24">
         <name>.stack</name>
         <uninitialized>true</uninitialized>
         <run_address>0x20000000</run_address>
         <size>0x4</size>
         <input_file_ref idref="fl-c4"/>
      </object_component>
      <object_component id="oc-203">
         <name>.stack</name>
         <uninitialized>true</uninitialized>
         <run_address>0x20000000</run_address>
         <size>0x0</size>
      </object_component>
      <object_component id="oc-cc">
         <name>.debug_info</name>
         <load_address>0x0</load_address>
         <run_address>0x0</run_address>
         <size>0x4de</size>
         <input_file_ref idref="fl-2"/>
      </object_component>
      <object_component id="oc-b1">
         <name>.debug_info</name>
         <load_address>0x4de</load_address>
         <run_address>0x4de</run_address>
         <size>0x268</size>
         <input_file_ref idref="fl-2"/>
      </object_component>
      <object_component id="oc-85">
         <name>.debug_info</name>
         <load_address>0x746</load_address>
         <run_address>0x746</run_address>
         <size>0x26b</size>
         <input_file_ref idref="fl-2"/>
      </object_component>
      <object_component id="oc-c7">
         <name>.debug_info</name>
         <load_address>0x9b1</load_address>
         <run_address>0x9b1</run_address>
         <size>0x8b</size>
         <input_file_ref idref="fl-2"/>
      </object_component>
      <object_component id="oc-c2">
         <name>.debug_info</name>
         <load_address>0xa3c</load_address>
         <run_address>0xa3c</run_address>
         <size>0x2a4</size>
         <input_file_ref idref="fl-2"/>
      </object_component>
      <object_component id="oc-8a">
         <name>.debug_info</name>
         <load_address>0xce0</load_address>
         <run_address>0xce0</run_address>
         <size>0xbb</size>
         <input_file_ref idref="fl-2"/>
      </object_component>
      <object_component id="oc-41">
         <name>.debug_info</name>
         <load_address>0xd9b</load_address>
         <run_address>0xd9b</run_address>
         <size>0x29a</size>
         <input_file_ref idref="fl-3"/>
      </object_component>
      <object_component id="oc-13">
         <name>.debug_info</name>
         <load_address>0x1035</load_address>
         <run_address>0x1035</run_address>
         <size>0xd9</size>
         <input_file_ref idref="fl-3"/>
      </object_component>
      <object_component id="oc-28">
         <name>.debug_info</name>
         <load_address>0x110e</load_address>
         <run_address>0x110e</run_address>
         <size>0x109</size>
         <input_file_ref idref="fl-3"/>
      </object_component>
      <object_component id="oc-2f">
         <name>.debug_info</name>
         <load_address>0x1217</load_address>
         <run_address>0x1217</run_address>
         <size>0xf8</size>
         <input_file_ref idref="fl-3"/>
      </object_component>
      <object_component id="oc-3a">
         <name>.debug_info</name>
         <load_address>0x130f</load_address>
         <run_address>0x130f</run_address>
         <size>0x112</size>
         <input_file_ref idref="fl-3"/>
      </object_component>
      <object_component id="oc-34">
         <name>.debug_info</name>
         <load_address>0x1421</load_address>
         <run_address>0x1421</run_address>
         <size>0x100</size>
         <input_file_ref idref="fl-3"/>
      </object_component>
      <object_component id="oc-48">
         <name>.debug_info</name>
         <load_address>0x1521</load_address>
         <run_address>0x1521</run_address>
         <size>0x84</size>
         <input_file_ref idref="fl-3"/>
      </object_component>
      <object_component id="oc-120">
         <name>.debug_info</name>
         <load_address>0x15a5</load_address>
         <run_address>0x15a5</run_address>
         <size>0x13a</size>
         <input_file_ref idref="fl-be"/>
      </object_component>
      <object_component id="oc-125">
         <name>.debug_info</name>
         <load_address>0x16df</load_address>
         <run_address>0x16df</run_address>
         <size>0x13e</size>
         <input_file_ref idref="fl-bf"/>
      </object_component>
      <object_component id="oc-11a">
         <name>.debug_info</name>
         <load_address>0x181d</load_address>
         <run_address>0x181d</run_address>
         <size>0x12c</size>
         <input_file_ref idref="fl-c0"/>
      </object_component>
      <object_component id="oc-25">
         <name>.debug_info</name>
         <load_address>0x1949</load_address>
         <run_address>0x1949</run_address>
         <size>0x10b</size>
         <input_file_ref idref="fl-c4"/>
      </object_component>
      <object_component id="oc-68">
         <name>.debug_info</name>
         <load_address>0x1a54</load_address>
         <run_address>0x1a54</run_address>
         <size>0x1a2</size>
         <input_file_ref idref="fl-c4"/>
      </object_component>
      <object_component id="oc-ac">
         <name>.debug_info</name>
         <load_address>0x1bf6</load_address>
         <run_address>0x1bf6</run_address>
         <size>0x153</size>
         <input_file_ref idref="fl-c8"/>
      </object_component>
      <object_component id="oc-12c">
         <name>.debug_info</name>
         <load_address>0x1d49</load_address>
         <run_address>0x1d49</run_address>
         <size>0x122</size>
         <input_file_ref idref="fl-ca"/>
      </object_component>
      <object_component id="oc-174">
         <name>.debug_info</name>
         <load_address>0x1e6b</load_address>
         <run_address>0x1e6b</run_address>
         <size>0x24d</size>
         <input_file_ref idref="fl-cd"/>
      </object_component>
      <object_component id="oc-f6">
         <name>.debug_info</name>
         <load_address>0x20b8</load_address>
         <run_address>0x20b8</run_address>
         <size>0x333</size>
         <input_file_ref idref="fl-cd"/>
      </object_component>
      <object_component id="oc-fc">
         <name>.debug_info</name>
         <load_address>0x23eb</load_address>
         <run_address>0x23eb</run_address>
         <size>0x2a0</size>
         <input_file_ref idref="fl-cd"/>
      </object_component>
      <object_component id="oc-114">
         <name>.debug_info</name>
         <load_address>0x268b</load_address>
         <run_address>0x268b</run_address>
         <size>0x2ff</size>
         <input_file_ref idref="fl-cd"/>
      </object_component>
      <object_component id="oc-f0">
         <name>.debug_info</name>
         <load_address>0x298a</load_address>
         <run_address>0x298a</run_address>
         <size>0x326</size>
         <input_file_ref idref="fl-cd"/>
      </object_component>
      <object_component id="oc-108">
         <name>.debug_info</name>
         <load_address>0x2cb0</load_address>
         <run_address>0x2cb0</run_address>
         <size>0x2a4</size>
         <input_file_ref idref="fl-cd"/>
      </object_component>
      <object_component id="oc-10f">
         <name>.debug_info</name>
         <load_address>0x2f54</load_address>
         <run_address>0x2f54</run_address>
         <size>0x2e7</size>
         <input_file_ref idref="fl-cd"/>
      </object_component>
      <object_component id="oc-103">
         <name>.debug_info</name>
         <load_address>0x323b</load_address>
         <run_address>0x323b</run_address>
         <size>0x294</size>
         <input_file_ref idref="fl-cd"/>
      </object_component>
      <object_component id="oc-16b">
         <name>.debug_info</name>
         <load_address>0x34cf</load_address>
         <run_address>0x34cf</run_address>
         <size>0x18b</size>
         <input_file_ref idref="fl-cd"/>
      </object_component>
      <object_component id="oc-170">
         <name>.debug_info</name>
         <load_address>0x365a</load_address>
         <run_address>0x365a</run_address>
         <size>0x298</size>
         <input_file_ref idref="fl-cf"/>
      </object_component>
      <object_component id="oc-eb">
         <name>.debug_info</name>
         <load_address>0x38f2</load_address>
         <run_address>0x38f2</run_address>
         <size>0x27f</size>
         <input_file_ref idref="fl-cf"/>
      </object_component>
      <object_component id="oc-e5">
         <name>.debug_info</name>
         <load_address>0x3b71</load_address>
         <run_address>0x3b71</run_address>
         <size>0x27d</size>
         <input_file_ref idref="fl-cf"/>
      </object_component>
      <object_component id="oc-e0">
         <name>.debug_info</name>
         <load_address>0x3dee</load_address>
         <run_address>0x3dee</run_address>
         <size>0x2db</size>
         <input_file_ref idref="fl-cf"/>
      </object_component>
      <object_component id="oc-1a1">
         <name>.debug_info</name>
         <load_address>0x40c9</load_address>
         <run_address>0x40c9</run_address>
         <size>0x5f</size>
         <input_file_ref idref="fl-cf"/>
      </object_component>
      <object_component id="oc-204">
         <name>.debug_info</name>
         <load_address>0x4128</load_address>
         <run_address>0x4128</run_address>
         <size>0x99</size>
      </object_component>
      <object_component id="oc-168">
         <name>.debug_line</name>
         <load_address>0x0</load_address>
         <run_address>0x0</run_address>
         <size>0x8d</size>
         <input_file_ref idref="fl-2"/>
      </object_component>
      <object_component id="oc-b4">
         <name>.debug_line</name>
         <load_address>0x8d</load_address>
         <run_address>0x8d</run_address>
         <size>0x6c</size>
         <input_file_ref idref="fl-2"/>
      </object_component>
      <object_component id="oc-88">
         <name>.debug_line</name>
         <load_address>0xf9</load_address>
         <run_address>0xf9</run_address>
         <size>0x6f</size>
         <input_file_ref idref="fl-2"/>
      </object_component>
      <object_component id="oc-ca">
         <name>.debug_line</name>
         <load_address>0x168</load_address>
         <run_address>0x168</run_address>
         <size>0x20</size>
         <input_file_ref idref="fl-2"/>
      </object_component>
      <object_component id="oc-c5">
         <name>.debug_line</name>
         <load_address>0x188</load_address>
         <run_address>0x188</run_address>
         <size>0x73</size>
         <input_file_ref idref="fl-2"/>
      </object_component>
      <object_component id="oc-8d">
         <name>.debug_line</name>
         <load_address>0x1fb</load_address>
         <run_address>0x1fb</run_address>
         <size>0x70</size>
         <input_file_ref idref="fl-2"/>
      </object_component>
      <object_component id="oc-84">
         <name>.debug_line</name>
         <load_address>0x26b</load_address>
         <run_address>0x26b</run_address>
         <size>0x34</size>
         <input_file_ref idref="fl-3"/>
      </object_component>
      <object_component id="oc-40">
         <name>.debug_line</name>
         <load_address>0x29f</load_address>
         <run_address>0x29f</run_address>
         <size>0x34</size>
         <input_file_ref idref="fl-3"/>
      </object_component>
      <object_component id="oc-2b">
         <name>.debug_line</name>
         <load_address>0x2d3</load_address>
         <run_address>0x2d3</run_address>
         <size>0x46</size>
         <input_file_ref idref="fl-3"/>
      </object_component>
      <object_component id="oc-2e">
         <name>.debug_line</name>
         <load_address>0x319</load_address>
         <run_address>0x319</run_address>
         <size>0x49</size>
         <input_file_ref idref="fl-3"/>
      </object_component>
      <object_component id="oc-3e">
         <name>.debug_line</name>
         <load_address>0x362</load_address>
         <run_address>0x362</run_address>
         <size>0x49</size>
         <input_file_ref idref="fl-3"/>
      </object_component>
      <object_component id="oc-38">
         <name>.debug_line</name>
         <load_address>0x3ab</load_address>
         <run_address>0x3ab</run_address>
         <size>0x49</size>
         <input_file_ref idref="fl-3"/>
      </object_component>
      <object_component id="oc-4b">
         <name>.debug_line</name>
         <load_address>0x3f4</load_address>
         <run_address>0x3f4</run_address>
         <size>0x20</size>
         <input_file_ref idref="fl-3"/>
      </object_component>
      <object_component id="oc-122">
         <name>.debug_line</name>
         <load_address>0x414</load_address>
         <run_address>0x414</run_address>
         <size>0x8e</size>
         <input_file_ref idref="fl-be"/>
      </object_component>
      <object_component id="oc-124">
         <name>.debug_line</name>
         <load_address>0x4a2</load_address>
         <run_address>0x4a2</run_address>
         <size>0x67</size>
         <input_file_ref idref="fl-bf"/>
      </object_component>
      <object_component id="oc-11d">
         <name>.debug_line</name>
         <load_address>0x509</load_address>
         <run_address>0x509</run_address>
         <size>0x57</size>
         <input_file_ref idref="fl-c0"/>
      </object_component>
      <object_component id="oc-7e">
         <name>.debug_line</name>
         <load_address>0x560</load_address>
         <run_address>0x560</run_address>
         <size>0x33</size>
         <input_file_ref idref="fl-c4"/>
      </object_component>
      <object_component id="oc-66">
         <name>.debug_line</name>
         <load_address>0x593</load_address>
         <run_address>0x593</run_address>
         <size>0x48</size>
         <input_file_ref idref="fl-c4"/>
      </object_component>
      <object_component id="oc-ab">
         <name>.debug_line</name>
         <load_address>0x5db</load_address>
         <run_address>0x5db</run_address>
         <size>0x40</size>
         <input_file_ref idref="fl-c8"/>
      </object_component>
      <object_component id="oc-12b">
         <name>.debug_line</name>
         <load_address>0x61b</load_address>
         <run_address>0x61b</run_address>
         <size>0x3c</size>
         <input_file_ref idref="fl-ca"/>
      </object_component>
      <object_component id="oc-1a7">
         <name>.debug_line</name>
         <load_address>0x657</load_address>
         <run_address>0x657</run_address>
         <size>0xde</size>
         <input_file_ref idref="fl-cd"/>
      </object_component>
      <object_component id="oc-fa">
         <name>.debug_line</name>
         <load_address>0x735</load_address>
         <run_address>0x735</run_address>
         <size>0xa7</size>
         <input_file_ref idref="fl-cd"/>
      </object_component>
      <object_component id="oc-100">
         <name>.debug_line</name>
         <load_address>0x7dc</load_address>
         <run_address>0x7dc</run_address>
         <size>0x91</size>
         <input_file_ref idref="fl-cd"/>
      </object_component>
      <object_component id="oc-118">
         <name>.debug_line</name>
         <load_address>0x86d</load_address>
         <run_address>0x86d</run_address>
         <size>0x9c</size>
         <input_file_ref idref="fl-cd"/>
      </object_component>
      <object_component id="oc-f4">
         <name>.debug_line</name>
         <load_address>0x909</load_address>
         <run_address>0x909</run_address>
         <size>0xa4</size>
         <input_file_ref idref="fl-cd"/>
      </object_component>
      <object_component id="oc-10c">
         <name>.debug_line</name>
         <load_address>0x9ad</load_address>
         <run_address>0x9ad</run_address>
         <size>0x91</size>
         <input_file_ref idref="fl-cd"/>
      </object_component>
      <object_component id="oc-112">
         <name>.debug_line</name>
         <load_address>0xa3e</load_address>
         <run_address>0xa3e</run_address>
         <size>0x9b</size>
         <input_file_ref idref="fl-cd"/>
      </object_component>
      <object_component id="oc-106">
         <name>.debug_line</name>
         <load_address>0xad9</load_address>
         <run_address>0xad9</run_address>
         <size>0x91</size>
         <input_file_ref idref="fl-cd"/>
      </object_component>
      <object_component id="oc-16e">
         <name>.debug_line</name>
         <load_address>0xb6a</load_address>
         <run_address>0xb6a</run_address>
         <size>0x69</size>
         <input_file_ref idref="fl-cd"/>
      </object_component>
      <object_component id="oc-1a0">
         <name>.debug_line</name>
         <load_address>0xbd3</load_address>
         <run_address>0xbd3</run_address>
         <size>0x13d</size>
         <input_file_ref idref="fl-cf"/>
      </object_component>
      <object_component id="oc-ee">
         <name>.debug_line</name>
         <load_address>0xd10</load_address>
         <run_address>0xd10</run_address>
         <size>0x94</size>
         <input_file_ref idref="fl-cf"/>
      </object_component>
      <object_component id="oc-e8">
         <name>.debug_line</name>
         <load_address>0xda4</load_address>
         <run_address>0xda4</run_address>
         <size>0x94</size>
         <input_file_ref idref="fl-cf"/>
      </object_component>
      <object_component id="oc-df">
         <name>.debug_line</name>
         <load_address>0xe38</load_address>
         <run_address>0xe38</run_address>
         <size>0xee</size>
         <input_file_ref idref="fl-cf"/>
      </object_component>
      <object_component id="oc-1a4">
         <name>.debug_line</name>
         <load_address>0xf26</load_address>
         <run_address>0xf26</run_address>
         <size>0x7f</size>
         <input_file_ref idref="fl-cf"/>
      </object_component>
      <object_component id="oc-b5">
         <name>.debug_frame</name>
         <load_address>0x0</load_address>
         <run_address>0x0</run_address>
         <size>0x5c</size>
         <input_file_ref idref="fl-2"/>
      </object_component>
      <object_component id="oc-2c">
         <name>.debug_frame</name>
         <load_address>0x5c</load_address>
         <run_address>0x5c</run_address>
         <size>0x54</size>
         <input_file_ref idref="fl-3"/>
      </object_component>
      <object_component id="oc-32">
         <name>.debug_frame</name>
         <load_address>0xb0</load_address>
         <run_address>0xb0</run_address>
         <size>0x54</size>
         <input_file_ref idref="fl-3"/>
      </object_component>
      <object_component id="oc-3d">
         <name>.debug_frame</name>
         <load_address>0x104</load_address>
         <run_address>0x104</run_address>
         <size>0x54</size>
         <input_file_ref idref="fl-3"/>
      </object_component>
      <object_component id="oc-37">
         <name>.debug_frame</name>
         <load_address>0x158</load_address>
         <run_address>0x158</run_address>
         <size>0x54</size>
         <input_file_ref idref="fl-3"/>
      </object_component>
      <object_component id="oc-67">
         <name>.debug_frame</name>
         <load_address>0x1ac</load_address>
         <run_address>0x1ac</run_address>
         <size>0x50</size>
         <input_file_ref idref="fl-c4"/>
      </object_component>
      <object_component id="oc-af">
         <name>.debug_frame</name>
         <load_address>0x1fc</load_address>
         <run_address>0x1fc</run_address>
         <size>0x54</size>
         <input_file_ref idref="fl-c8"/>
      </object_component>
      <object_component id="oc-12a">
         <name>.debug_frame</name>
         <load_address>0x250</load_address>
         <run_address>0x250</run_address>
         <size>0x54</size>
         <input_file_ref idref="fl-ca"/>
      </object_component>
      <object_component id="oc-f9">
         <name>.debug_frame</name>
         <load_address>0x2a4</load_address>
         <run_address>0x2a4</run_address>
         <size>0x8a</size>
         <input_file_ref idref="fl-cd"/>
      </object_component>
      <object_component id="oc-ff">
         <name>.debug_frame</name>
         <load_address>0x32e</load_address>
         <run_address>0x32e</run_address>
         <size>0x7f</size>
         <input_file_ref idref="fl-cd"/>
      </object_component>
      <object_component id="oc-117">
         <name>.debug_frame</name>
         <load_address>0x3ad</load_address>
         <run_address>0x3ad</run_address>
         <size>0x7f</size>
         <input_file_ref idref="fl-cd"/>
      </object_component>
      <object_component id="oc-f3">
         <name>.debug_frame</name>
         <load_address>0x42c</load_address>
         <run_address>0x42c</run_address>
         <size>0x8e</size>
         <input_file_ref idref="fl-cd"/>
      </object_component>
      <object_component id="oc-10b">
         <name>.debug_frame</name>
         <load_address>0x4ba</load_address>
         <run_address>0x4ba</run_address>
         <size>0x86</size>
         <input_file_ref idref="fl-cd"/>
      </object_component>
      <object_component id="oc-10e">
         <name>.debug_frame</name>
         <load_address>0x540</load_address>
         <run_address>0x540</run_address>
         <size>0x83</size>
         <input_file_ref idref="fl-cd"/>
      </object_component>
      <object_component id="oc-102">
         <name>.debug_frame</name>
         <load_address>0x5c3</load_address>
         <run_address>0x5c3</run_address>
         <size>0x7f</size>
         <input_file_ref idref="fl-cd"/>
      </object_component>
      <object_component id="oc-ea">
         <name>.debug_frame</name>
         <load_address>0x642</load_address>
         <run_address>0x642</run_address>
         <size>0x7f</size>
         <input_file_ref idref="fl-cf"/>
      </object_component>
      <object_component id="oc-e4">
         <name>.debug_frame</name>
         <load_address>0x6c1</load_address>
         <run_address>0x6c1</run_address>
         <size>0x7f</size>
         <input_file_ref idref="fl-cf"/>
      </object_component>
      <object_component id="oc-de">
         <name>.debug_frame</name>
         <load_address>0x740</load_address>
         <run_address>0x740</run_address>
         <size>0x93</size>
         <input_file_ref idref="fl-cf"/>
      </object_component>
      <object_component id="oc-167">
         <name>.debug_abbrev</name>
         <load_address>0x0</load_address>
         <run_address>0x0</run_address>
         <size>0xac</size>
         <input_file_ref idref="fl-2"/>
      </object_component>
      <object_component id="oc-128">
         <name>.debug_abbrev</name>
         <load_address>0xac</load_address>
         <run_address>0xac</run_address>
         <size>0x62</size>
         <input_file_ref idref="fl-2"/>
      </object_component>
      <object_component id="oc-87">
         <name>.debug_abbrev</name>
         <load_address>0x10e</load_address>
         <run_address>0x10e</run_address>
         <size>0x69</size>
         <input_file_ref idref="fl-2"/>
      </object_component>
      <object_component id="oc-c9">
         <name>.debug_abbrev</name>
         <load_address>0x177</load_address>
         <run_address>0x177</run_address>
         <size>0x1f</size>
         <input_file_ref idref="fl-2"/>
      </object_component>
      <object_component id="oc-c4">
         <name>.debug_abbrev</name>
         <load_address>0x196</load_address>
         <run_address>0x196</run_address>
         <size>0x5c</size>
         <input_file_ref idref="fl-2"/>
      </object_component>
      <object_component id="oc-8c">
         <name>.debug_abbrev</name>
         <load_address>0x1f2</load_address>
         <run_address>0x1f2</run_address>
         <size>0x24</size>
         <input_file_ref idref="fl-2"/>
      </object_component>
      <object_component id="oc-83">
         <name>.debug_abbrev</name>
         <load_address>0x216</load_address>
         <run_address>0x216</run_address>
         <size>0x68</size>
         <input_file_ref idref="fl-3"/>
      </object_component>
      <object_component id="oc-3f">
         <name>.debug_abbrev</name>
         <load_address>0x27e</load_address>
         <run_address>0x27e</run_address>
         <size>0x29</size>
         <input_file_ref idref="fl-3"/>
      </object_component>
      <object_component id="oc-7f">
         <name>.debug_abbrev</name>
         <load_address>0x2a7</load_address>
         <run_address>0x2a7</run_address>
         <size>0x50</size>
         <input_file_ref idref="fl-3"/>
      </object_component>
      <object_component id="oc-80">
         <name>.debug_abbrev</name>
         <load_address>0x2f7</load_address>
         <run_address>0x2f7</run_address>
         <size>0x40</size>
         <input_file_ref idref="fl-3"/>
      </object_component>
      <object_component id="oc-82">
         <name>.debug_abbrev</name>
         <load_address>0x337</load_address>
         <run_address>0x337</run_address>
         <size>0x40</size>
         <input_file_ref idref="fl-3"/>
      </object_component>
      <object_component id="oc-81">
         <name>.debug_abbrev</name>
         <load_address>0x377</load_address>
         <run_address>0x377</run_address>
         <size>0x40</size>
         <input_file_ref idref="fl-3"/>
      </object_component>
      <object_component id="oc-4a">
         <name>.debug_abbrev</name>
         <load_address>0x3b7</load_address>
         <run_address>0x3b7</run_address>
         <size>0x1f</size>
         <input_file_ref idref="fl-3"/>
      </object_component>
      <object_component id="oc-17d">
         <name>.debug_abbrev</name>
         <load_address>0x3d6</load_address>
         <run_address>0x3d6</run_address>
         <size>0x3c</size>
         <input_file_ref idref="fl-be"/>
      </object_component>
      <object_component id="oc-17e">
         <name>.debug_abbrev</name>
         <load_address>0x412</load_address>
         <run_address>0x412</run_address>
         <size>0x3e</size>
         <input_file_ref idref="fl-bf"/>
      </object_component>
      <object_component id="oc-17c">
         <name>.debug_abbrev</name>
         <load_address>0x450</load_address>
         <run_address>0x450</run_address>
         <size>0x3c</size>
         <input_file_ref idref="fl-c0"/>
      </object_component>
      <object_component id="oc-7d">
         <name>.debug_abbrev</name>
         <load_address>0x48c</load_address>
         <run_address>0x48c</run_address>
         <size>0x29</size>
         <input_file_ref idref="fl-c4"/>
      </object_component>
      <object_component id="oc-b7">
         <name>.debug_abbrev</name>
         <load_address>0x4b5</load_address>
         <run_address>0x4b5</run_address>
         <size>0x55</size>
         <input_file_ref idref="fl-c4"/>
      </object_component>
      <object_component id="oc-dc">
         <name>.debug_abbrev</name>
         <load_address>0x50a</load_address>
         <run_address>0x50a</run_address>
         <size>0x55</size>
         <input_file_ref idref="fl-c8"/>
      </object_component>
      <object_component id="oc-17f">
         <name>.debug_abbrev</name>
         <load_address>0x55f</load_address>
         <run_address>0x55f</run_address>
         <size>0x45</size>
         <input_file_ref idref="fl-ca"/>
      </object_component>
      <object_component id="oc-1a6">
         <name>.debug_abbrev</name>
         <load_address>0x5a4</load_address>
         <run_address>0x5a4</run_address>
         <size>0x86</size>
         <input_file_ref idref="fl-cd"/>
      </object_component>
      <object_component id="oc-176">
         <name>.debug_abbrev</name>
         <load_address>0x62a</load_address>
         <run_address>0x62a</run_address>
         <size>0x6c</size>
         <input_file_ref idref="fl-cd"/>
      </object_component>
      <object_component id="oc-177">
         <name>.debug_abbrev</name>
         <load_address>0x696</load_address>
         <run_address>0x696</run_address>
         <size>0x6c</size>
         <input_file_ref idref="fl-cd"/>
      </object_component>
      <object_component id="oc-17b">
         <name>.debug_abbrev</name>
         <load_address>0x702</load_address>
         <run_address>0x702</run_address>
         <size>0x6e</size>
         <input_file_ref idref="fl-cd"/>
      </object_component>
      <object_component id="oc-173">
         <name>.debug_abbrev</name>
         <load_address>0x770</load_address>
         <run_address>0x770</run_address>
         <size>0x6c</size>
         <input_file_ref idref="fl-cd"/>
      </object_component>
      <object_component id="oc-179">
         <name>.debug_abbrev</name>
         <load_address>0x7dc</load_address>
         <run_address>0x7dc</run_address>
         <size>0x6c</size>
         <input_file_ref idref="fl-cd"/>
      </object_component>
      <object_component id="oc-17a">
         <name>.debug_abbrev</name>
         <load_address>0x848</load_address>
         <run_address>0x848</run_address>
         <size>0x6e</size>
         <input_file_ref idref="fl-cd"/>
      </object_component>
      <object_component id="oc-178">
         <name>.debug_abbrev</name>
         <load_address>0x8b6</load_address>
         <run_address>0x8b6</run_address>
         <size>0x6c</size>
         <input_file_ref idref="fl-cd"/>
      </object_component>
      <object_component id="oc-16d">
         <name>.debug_abbrev</name>
         <load_address>0x922</load_address>
         <run_address>0x922</run_address>
         <size>0x35</size>
         <input_file_ref idref="fl-cd"/>
      </object_component>
      <object_component id="oc-19f">
         <name>.debug_abbrev</name>
         <load_address>0x957</load_address>
         <run_address>0x957</run_address>
         <size>0xb0</size>
         <input_file_ref idref="fl-cf"/>
      </object_component>
      <object_component id="oc-172">
         <name>.debug_abbrev</name>
         <load_address>0xa07</load_address>
         <run_address>0xa07</run_address>
         <size>0x6e</size>
         <input_file_ref idref="fl-cf"/>
      </object_component>
      <object_component id="oc-171">
         <name>.debug_abbrev</name>
         <load_address>0xa75</load_address>
         <run_address>0xa75</run_address>
         <size>0x6c</size>
         <input_file_ref idref="fl-cf"/>
      </object_component>
      <object_component id="oc-16a">
         <name>.debug_abbrev</name>
         <load_address>0xae1</load_address>
         <run_address>0xae1</run_address>
         <size>0x7a</size>
         <input_file_ref idref="fl-cf"/>
      </object_component>
      <object_component id="oc-1a3">
         <name>.debug_abbrev</name>
         <load_address>0xb5b</load_address>
         <run_address>0xb5b</run_address>
         <size>0x49</size>
         <input_file_ref idref="fl-cf"/>
      </object_component>
      <object_component id="oc-205">
         <name>.debug_abbrev</name>
         <load_address>0xba4</load_address>
         <run_address>0xba4</run_address>
         <size>0xf</size>
      </object_component>
      <object_component id="oc-89">
         <name>.debug_str</name>
         <load_address>0x0</load_address>
         <run_address>0x0</run_address>
         <size>0x2aa</size>
         <input_file_ref idref="fl-2"/>
      </object_component>
      <object_component id="oc-cb">
         <name>.debug_str</name>
         <load_address>0x2aa</load_address>
         <run_address>0x2aa</run_address>
         <size>0xfd</size>
         <input_file_ref idref="fl-2"/>
      </object_component>
      <object_component id="oc-c6">
         <name>.debug_str</name>
         <load_address>0x3a7</load_address>
         <run_address>0x3a7</run_address>
         <size>0x340</size>
         <input_file_ref idref="fl-2"/>
      </object_component>
      <object_component id="oc-8e">
         <name>.debug_str</name>
         <load_address>0x6e7</load_address>
         <run_address>0x6e7</run_address>
         <size>0x142</size>
         <input_file_ref idref="fl-2"/>
      </object_component>
      <object_component id="oc-4c">
         <name>.debug_str</name>
         <load_address>0x829</load_address>
         <run_address>0x829</run_address>
         <size>0xfd</size>
         <input_file_ref idref="fl-3"/>
      </object_component>
      <object_component id="oc-16f">
         <name>.debug_str</name>
         <load_address>0x926</load_address>
         <run_address>0x926</run_address>
         <size>0x241</size>
         <input_file_ref idref="fl-cd"/>
      </object_component>
      <object_component id="oc-1a5">
         <name>.debug_str</name>
         <load_address>0xb67</load_address>
         <run_address>0xb67</run_address>
         <size>0x141</size>
         <input_file_ref idref="fl-cf"/>
      </object_component>
      <object_component id="oc-b2">
         <name>.debug_aranges</name>
         <load_address>0x0</load_address>
         <run_address>0x0</run_address>
         <size>0x20</size>
         <input_file_ref idref="fl-2"/>
      </object_component>
      <object_component id="oc-29">
         <name>.debug_aranges</name>
         <load_address>0x20</load_address>
         <run_address>0x20</run_address>
         <size>0x20</size>
         <input_file_ref idref="fl-3"/>
      </object_component>
      <object_component id="oc-30">
         <name>.debug_aranges</name>
         <load_address>0x40</load_address>
         <run_address>0x40</run_address>
         <size>0x20</size>
         <input_file_ref idref="fl-3"/>
      </object_component>
      <object_component id="oc-3b">
         <name>.debug_aranges</name>
         <load_address>0x60</load_address>
         <run_address>0x60</run_address>
         <size>0x20</size>
         <input_file_ref idref="fl-3"/>
      </object_component>
      <object_component id="oc-35">
         <name>.debug_aranges</name>
         <load_address>0x80</load_address>
         <run_address>0x80</run_address>
         <size>0x20</size>
         <input_file_ref idref="fl-3"/>
      </object_component>
      <object_component id="oc-11f">
         <name>.debug_aranges</name>
         <load_address>0xa0</load_address>
         <run_address>0xa0</run_address>
         <size>0x20</size>
         <input_file_ref idref="fl-be"/>
      </object_component>
      <object_component id="oc-126">
         <name>.debug_aranges</name>
         <load_address>0xc0</load_address>
         <run_address>0xc0</run_address>
         <size>0x20</size>
         <input_file_ref idref="fl-bf"/>
      </object_component>
      <object_component id="oc-11c">
         <name>.debug_aranges</name>
         <load_address>0xe0</load_address>
         <run_address>0xe0</run_address>
         <size>0x20</size>
         <input_file_ref idref="fl-c0"/>
      </object_component>
      <object_component id="oc-6a">
         <name>.debug_aranges</name>
         <load_address>0x100</load_address>
         <run_address>0x100</run_address>
         <size>0x20</size>
         <input_file_ref idref="fl-c4"/>
      </object_component>
      <object_component id="oc-ae">
         <name>.debug_aranges</name>
         <load_address>0x120</load_address>
         <run_address>0x120</run_address>
         <size>0x20</size>
         <input_file_ref idref="fl-c8"/>
      </object_component>
      <object_component id="oc-12e">
         <name>.debug_aranges</name>
         <load_address>0x140</load_address>
         <run_address>0x140</run_address>
         <size>0x20</size>
         <input_file_ref idref="fl-ca"/>
      </object_component>
      <object_component id="oc-f7">
         <name>.debug_aranges</name>
         <load_address>0x160</load_address>
         <run_address>0x160</run_address>
         <size>0x20</size>
         <input_file_ref idref="fl-cd"/>
      </object_component>
      <object_component id="oc-fd">
         <name>.debug_aranges</name>
         <load_address>0x180</load_address>
         <run_address>0x180</run_address>
         <size>0x20</size>
         <input_file_ref idref="fl-cd"/>
      </object_component>
      <object_component id="oc-115">
         <name>.debug_aranges</name>
         <load_address>0x1a0</load_address>
         <run_address>0x1a0</run_address>
         <size>0x20</size>
         <input_file_ref idref="fl-cd"/>
      </object_component>
      <object_component id="oc-f1">
         <name>.debug_aranges</name>
         <load_address>0x1c0</load_address>
         <run_address>0x1c0</run_address>
         <size>0x20</size>
         <input_file_ref idref="fl-cd"/>
      </object_component>
      <object_component id="oc-109">
         <name>.debug_aranges</name>
         <load_address>0x1e0</load_address>
         <run_address>0x1e0</run_address>
         <size>0x20</size>
         <input_file_ref idref="fl-cd"/>
      </object_component>
      <object_component id="oc-110">
         <name>.debug_aranges</name>
         <load_address>0x200</load_address>
         <run_address>0x200</run_address>
         <size>0x20</size>
         <input_file_ref idref="fl-cd"/>
      </object_component>
      <object_component id="oc-104">
         <name>.debug_aranges</name>
         <load_address>0x220</load_address>
         <run_address>0x220</run_address>
         <size>0x20</size>
         <input_file_ref idref="fl-cd"/>
      </object_component>
      <object_component id="oc-ec">
         <name>.debug_aranges</name>
         <load_address>0x240</load_address>
         <run_address>0x240</run_address>
         <size>0x20</size>
         <input_file_ref idref="fl-cf"/>
      </object_component>
      <object_component id="oc-e6">
         <name>.debug_aranges</name>
         <load_address>0x260</load_address>
         <run_address>0x260</run_address>
         <size>0x20</size>
         <input_file_ref idref="fl-cf"/>
      </object_component>
      <object_component id="oc-e1">
         <name>.debug_aranges</name>
         <load_address>0x280</load_address>
         <run_address>0x280</run_address>
         <size>0x20</size>
         <input_file_ref idref="fl-cf"/>
      </object_component>
      <object_component id="oc-b3">
         <name>.debug_pubnames</name>
         <load_address>0x0</load_address>
         <run_address>0x0</run_address>
         <size>0x1b</size>
         <input_file_ref idref="fl-2"/>
      </object_component>
      <object_component id="oc-14">
         <name>.debug_pubnames</name>
         <load_address>0x1b</load_address>
         <run_address>0x1b</run_address>
         <size>0x23</size>
         <input_file_ref idref="fl-3"/>
      </object_component>
      <object_component id="oc-2a">
         <name>.debug_pubnames</name>
         <load_address>0x3e</load_address>
         <run_address>0x3e</run_address>
         <size>0x1f</size>
         <input_file_ref idref="fl-3"/>
      </object_component>
      <object_component id="oc-31">
         <name>.debug_pubnames</name>
         <load_address>0x5d</load_address>
         <run_address>0x5d</run_address>
         <size>0x1c</size>
         <input_file_ref idref="fl-3"/>
      </object_component>
      <object_component id="oc-3c">
         <name>.debug_pubnames</name>
         <load_address>0x79</load_address>
         <run_address>0x79</run_address>
         <size>0x28</size>
         <input_file_ref idref="fl-3"/>
      </object_component>
      <object_component id="oc-36">
         <name>.debug_pubnames</name>
         <load_address>0xa1</load_address>
         <run_address>0xa1</run_address>
         <size>0x1f</size>
         <input_file_ref idref="fl-3"/>
      </object_component>
      <object_component id="oc-121">
         <name>.debug_pubnames</name>
         <load_address>0xc0</load_address>
         <run_address>0xc0</run_address>
         <size>0x23</size>
         <input_file_ref idref="fl-be"/>
      </object_component>
      <object_component id="oc-127">
         <name>.debug_pubnames</name>
         <load_address>0xe3</load_address>
         <run_address>0xe3</run_address>
         <size>0x22</size>
         <input_file_ref idref="fl-bf"/>
      </object_component>
      <object_component id="oc-11b">
         <name>.debug_pubnames</name>
         <load_address>0x105</load_address>
         <run_address>0x105</run_address>
         <size>0x22</size>
         <input_file_ref idref="fl-c0"/>
      </object_component>
      <object_component id="oc-26">
         <name>.debug_pubnames</name>
         <load_address>0x127</load_address>
         <run_address>0x127</run_address>
         <size>0x1e</size>
         <input_file_ref idref="fl-c4"/>
      </object_component>
      <object_component id="oc-69">
         <name>.debug_pubnames</name>
         <load_address>0x145</load_address>
         <run_address>0x145</run_address>
         <size>0x2d</size>
         <input_file_ref idref="fl-c4"/>
      </object_component>
      <object_component id="oc-ad">
         <name>.debug_pubnames</name>
         <load_address>0x172</load_address>
         <run_address>0x172</run_address>
         <size>0x27</size>
         <input_file_ref idref="fl-c8"/>
      </object_component>
      <object_component id="oc-12d">
         <name>.debug_pubnames</name>
         <load_address>0x199</load_address>
         <run_address>0x199</run_address>
         <size>0x1c</size>
         <input_file_ref idref="fl-ca"/>
      </object_component>
      <object_component id="oc-175">
         <name>.debug_pubnames</name>
         <load_address>0x1b5</load_address>
         <run_address>0x1b5</run_address>
         <size>0x2d</size>
         <input_file_ref idref="fl-cd"/>
      </object_component>
      <object_component id="oc-f8">
         <name>.debug_pubnames</name>
         <load_address>0x1e2</load_address>
         <run_address>0x1e2</run_address>
         <size>0x2f</size>
         <input_file_ref idref="fl-cd"/>
      </object_component>
      <object_component id="oc-fe">
         <name>.debug_pubnames</name>
         <load_address>0x211</load_address>
         <run_address>0x211</run_address>
         <size>0x28</size>
         <input_file_ref idref="fl-cd"/>
      </object_component>
      <object_component id="oc-116">
         <name>.debug_pubnames</name>
         <load_address>0x239</load_address>
         <run_address>0x239</run_address>
         <size>0x29</size>
         <input_file_ref idref="fl-cd"/>
      </object_component>
      <object_component id="oc-f2">
         <name>.debug_pubnames</name>
         <load_address>0x262</load_address>
         <run_address>0x262</run_address>
         <size>0x2b</size>
         <input_file_ref idref="fl-cd"/>
      </object_component>
      <object_component id="oc-10a">
         <name>.debug_pubnames</name>
         <load_address>0x28d</load_address>
         <run_address>0x28d</run_address>
         <size>0x2a</size>
         <input_file_ref idref="fl-cd"/>
      </object_component>
      <object_component id="oc-111">
         <name>.debug_pubnames</name>
         <load_address>0x2b7</load_address>
         <run_address>0x2b7</run_address>
         <size>0x23</size>
         <input_file_ref idref="fl-cd"/>
      </object_component>
      <object_component id="oc-105">
         <name>.debug_pubnames</name>
         <load_address>0x2da</load_address>
         <run_address>0x2da</run_address>
         <size>0x22</size>
         <input_file_ref idref="fl-cd"/>
      </object_component>
      <object_component id="oc-ed">
         <name>.debug_pubnames</name>
         <load_address>0x2fc</load_address>
         <run_address>0x2fc</run_address>
         <size>0x2c</size>
         <input_file_ref idref="fl-cf"/>
      </object_component>
      <object_component id="oc-e7">
         <name>.debug_pubnames</name>
         <load_address>0x328</load_address>
         <run_address>0x328</run_address>
         <size>0x2d</size>
         <input_file_ref idref="fl-cf"/>
      </object_component>
      <object_component id="oc-e2">
         <name>.debug_pubnames</name>
         <load_address>0x355</load_address>
         <run_address>0x355</run_address>
         <size>0x25</size>
         <input_file_ref idref="fl-cf"/>
      </object_component>
      <object_component id="oc-86">
         <name>.debug_pubtypes</name>
         <load_address>0x0</load_address>
         <run_address>0x0</run_address>
         <size>0x25c</size>
         <input_file_ref idref="fl-2"/>
      </object_component>
      <object_component id="oc-c8">
         <name>.debug_pubtypes</name>
         <load_address>0x25c</load_address>
         <run_address>0x25c</run_address>
         <size>0xff</size>
         <input_file_ref idref="fl-2"/>
      </object_component>
      <object_component id="oc-c3">
         <name>.debug_pubtypes</name>
         <load_address>0x35b</load_address>
         <run_address>0x35b</run_address>
         <size>0x330</size>
         <input_file_ref idref="fl-2"/>
      </object_component>
      <object_component id="oc-8b">
         <name>.debug_pubtypes</name>
         <load_address>0x68b</load_address>
         <run_address>0x68b</run_address>
         <size>0xaa</size>
         <input_file_ref idref="fl-2"/>
      </object_component>
      <object_component id="oc-49">
         <name>.debug_pubtypes</name>
         <load_address>0x735</load_address>
         <run_address>0x735</run_address>
         <size>0xed</size>
         <input_file_ref idref="fl-3"/>
      </object_component>
      <object_component id="oc-16c">
         <name>.debug_pubtypes</name>
         <load_address>0x822</load_address>
         <run_address>0x822</run_address>
         <size>0x1c6</size>
         <input_file_ref idref="fl-cd"/>
      </object_component>
      <object_component id="oc-1a2">
         <name>.debug_pubtypes</name>
         <load_address>0x9e8</load_address>
         <run_address>0x9e8</run_address>
         <size>0x28</size>
         <input_file_ref idref="fl-cf"/>
      </object_component>
   </object_component_list>
   <logical_group_list>
      <logical_group id="lg-3" display="no" color="cyan">
         <name>.intvecs</name>
         <load_address>0x0</load_address>
         <run_address>0x0</run_address>
         <size>0x26c</size>
         <contents>
            <object_component_ref idref="oc-12"/>
         </contents>
      </logical_group>
      <logical_group id="lg-4" display="no" color="cyan">
         <name>.text</name>
         <load_address>0x26c</load_address>
         <run_address>0x26c</run_address>
         <size>0x536</size>
         <contents>
            <object_component_ref idref="oc-11e"/>
            <object_component_ref idref="oc-dd"/>
            <object_component_ref idref="oc-b0"/>
            <object_component_ref idref="oc-f5"/>
            <object_component_ref idref="oc-123"/>
            <object_component_ref idref="oc-ef"/>
            <object_component_ref idref="oc-e9"/>
            <object_component_ref idref="oc-119"/>
            <object_component_ref idref="oc-e3"/>
            <object_component_ref idref="oc-10d"/>
            <object_component_ref idref="oc-33"/>
            <object_component_ref idref="oc-65"/>
            <object_component_ref idref="oc-113"/>
            <object_component_ref idref="oc-107"/>
            <object_component_ref idref="oc-fb"/>
            <object_component_ref idref="oc-101"/>
            <object_component_ref idref="oc-27"/>
            <object_component_ref idref="oc-169"/>
            <object_component_ref idref="oc-aa"/>
            <object_component_ref idref="oc-129"/>
            <object_component_ref idref="oc-39"/>
            <object_component_ref idref="oc-2d"/>
         </contents>
      </logical_group>
      <logical_group id="lg-5" display="no" color="cyan">
         <name>.const</name>
         <run_address>0x0</run_address>
         <size>0x0</size>
         <contents>
         </contents>
      </logical_group>
      <logical_group id="lg-6" display="no" color="cyan">
         <name>.cinit</name>
         <run_address>0x0</run_address>
         <size>0x0</size>
         <contents>
         </contents>
      </logical_group>
      <logical_group id="lg-7" display="no" color="cyan">
         <name>.pinit</name>
         <run_address>0x0</run_address>
         <size>0x0</size>
         <contents>
         </contents>
      </logical_group>
      <logical_group id="lg-8" display="no" color="cyan">
         <name>.init_array</name>
         <run_address>0x0</run_address>
         <size>0x0</size>
         <contents>
         </contents>
      </logical_group>
      <logical_group id="lg-9" display="no" color="cyan">
         <name>.vtable</name>
         <run_address>0x0</run_address>
         <size>0x0</size>
         <contents>
         </contents>
      </logical_group>
      <logical_group id="lg-a" display="no" color="cyan">
         <name>.data</name>
         <run_address>0x0</run_address>
         <size>0x0</size>
         <contents>
         </contents>
      </logical_group>
      <logical_group id="lg-b" display="no" color="cyan">
         <name>.bss</name>
         <run_address>0x0</run_address>
         <size>0x0</size>
         <contents>
         </contents>
      </logical_group>
      <logical_group id="lg-c" display="no" color="cyan">
         <name>.sysmem</name>
         <run_address>0x0</run_address>
         <size>0x0</size>
         <contents>
         </contents>
      </logical_group>
      <logical_group id="lg-d" display="no" color="cyan">
         <name>.stack</name>
         <run_address>0x20000000</run_address>
         <size>0x200</size>
         <contents>
            <object_component_ref idref="oc-24"/>
            <object_component_ref idref="oc-203"/>
         </contents>
      </logical_group>
      <logical_group id="lg-1d8" display="no" color="cyan">
         <name>.TI.noinit</name>
         <run_address>0x0</run_address>
         <size>0x0</size>
         <contents>
         </contents>
      </logical_group>
      <logical_group id="lg-1d9" display="no" color="cyan">
         <name>.TI.persistent</name>
         <run_address>0x0</run_address>
         <size>0x0</size>
         <contents>
         </contents>
      </logical_group>
      <logical_group id="lg-1da" display="no" color="cyan">
         <name>__llvm_prf_cnts</name>
         <run_address>0x20000000</run_address>
         <size>0x0</size>
         <contents>
         </contents>
      </logical_group>
      <logical_group id="lg-1e9" display="never" color="cyan">
         <name>.debug_info</name>
         <load_address>0x0</load_address>
         <run_address>0x0</run_address>
         <size>0x41c1</size>
         <contents>
            <object_component_ref idref="oc-cc"/>
            <object_component_ref idref="oc-b1"/>
            <object_component_ref idref="oc-85"/>
            <object_component_ref idref="oc-c7"/>
            <object_component_ref idref="oc-c2"/>
            <object_component_ref idref="oc-8a"/>
            <object_component_ref idref="oc-41"/>
            <object_component_ref idref="oc-13"/>
            <object_component_ref idref="oc-28"/>
            <object_component_ref idref="oc-2f"/>
            <object_component_ref idref="oc-3a"/>
            <object_component_ref idref="oc-34"/>
            <object_component_ref idref="oc-48"/>
            <object_component_ref idref="oc-120"/>
            <object_component_ref idref="oc-125"/>
            <object_component_ref idref="oc-11a"/>
            <object_component_ref idref="oc-25"/>
            <object_component_ref idref="oc-68"/>
            <object_component_ref idref="oc-ac"/>
            <object_component_ref idref="oc-12c"/>
            <object_component_ref idref="oc-174"/>
            <object_component_ref idref="oc-f6"/>
            <object_component_ref idref="oc-fc"/>
            <object_component_ref idref="oc-114"/>
            <object_component_ref idref="oc-f0"/>
            <object_component_ref idref="oc-108"/>
            <object_component_ref idref="oc-10f"/>
            <object_component_ref idref="oc-103"/>
            <object_component_ref idref="oc-16b"/>
            <object_component_ref idref="oc-170"/>
            <object_component_ref idref="oc-eb"/>
            <object_component_ref idref="oc-e5"/>
            <object_component_ref idref="oc-e0"/>
            <object_component_ref idref="oc-1a1"/>
            <object_component_ref idref="oc-204"/>
         </contents>
      </logical_group>
      <logical_group id="lg-1eb" display="never" color="cyan">
         <name>.debug_line</name>
         <load_address>0x0</load_address>
         <run_address>0x0</run_address>
         <size>0xfa5</size>
         <contents>
            <object_component_ref idref="oc-168"/>
            <object_component_ref idref="oc-b4"/>
            <object_component_ref idref="oc-88"/>
            <object_component_ref idref="oc-ca"/>
            <object_component_ref idref="oc-c5"/>
            <object_component_ref idref="oc-8d"/>
            <object_component_ref idref="oc-84"/>
            <object_component_ref idref="oc-40"/>
            <object_component_ref idref="oc-2b"/>
            <object_component_ref idref="oc-2e"/>
            <object_component_ref idref="oc-3e"/>
            <object_component_ref idref="oc-38"/>
            <object_component_ref idref="oc-4b"/>
            <object_component_ref idref="oc-122"/>
            <object_component_ref idref="oc-124"/>
            <object_component_ref idref="oc-11d"/>
            <object_component_ref idref="oc-7e"/>
            <object_component_ref idref="oc-66"/>
            <object_component_ref idref="oc-ab"/>
            <object_component_ref idref="oc-12b"/>
            <object_component_ref idref="oc-1a7"/>
            <object_component_ref idref="oc-fa"/>
            <object_component_ref idref="oc-100"/>
            <object_component_ref idref="oc-118"/>
            <object_component_ref idref="oc-f4"/>
            <object_component_ref idref="oc-10c"/>
            <object_component_ref idref="oc-112"/>
            <object_component_ref idref="oc-106"/>
            <object_component_ref idref="oc-16e"/>
            <object_component_ref idref="oc-1a0"/>
            <object_component_ref idref="oc-ee"/>
            <object_component_ref idref="oc-e8"/>
            <object_component_ref idref="oc-df"/>
            <object_component_ref idref="oc-1a4"/>
         </contents>
      </logical_group>
      <logical_group id="lg-1ed" display="never" color="cyan">
         <name>.debug_frame</name>
         <load_address>0x0</load_address>
         <run_address>0x0</run_address>
         <size>0x7d3</size>
         <contents>
            <object_component_ref idref="oc-b5"/>
            <object_component_ref idref="oc-2c"/>
            <object_component_ref idref="oc-32"/>
            <object_component_ref idref="oc-3d"/>
            <object_component_ref idref="oc-37"/>
            <object_component_ref idref="oc-67"/>
            <object_component_ref idref="oc-af"/>
            <object_component_ref idref="oc-12a"/>
            <object_component_ref idref="oc-f9"/>
            <object_component_ref idref="oc-ff"/>
            <object_component_ref idref="oc-117"/>
            <object_component_ref idref="oc-f3"/>
            <object_component_ref idref="oc-10b"/>
            <object_component_ref idref="oc-10e"/>
            <object_component_ref idref="oc-102"/>
            <object_component_ref idref="oc-ea"/>
            <object_component_ref idref="oc-e4"/>
            <object_component_ref idref="oc-de"/>
         </contents>
      </logical_group>
      <logical_group id="lg-1ef" display="never" color="cyan">
         <name>.debug_abbrev</name>
         <load_address>0x0</load_address>
         <run_address>0x0</run_address>
         <size>0xbb3</size>
         <contents>
            <object_component_ref idref="oc-167"/>
            <object_component_ref idref="oc-128"/>
            <object_component_ref idref="oc-87"/>
            <object_component_ref idref="oc-c9"/>
            <object_component_ref idref="oc-c4"/>
            <object_component_ref idref="oc-8c"/>
            <object_component_ref idref="oc-83"/>
            <object_component_ref idref="oc-3f"/>
            <object_component_ref idref="oc-7f"/>
            <object_component_ref idref="oc-80"/>
            <object_component_ref idref="oc-82"/>
            <object_component_ref idref="oc-81"/>
            <object_component_ref idref="oc-4a"/>
            <object_component_ref idref="oc-17d"/>
            <object_component_ref idref="oc-17e"/>
            <object_component_ref idref="oc-17c"/>
            <object_component_ref idref="oc-7d"/>
            <object_component_ref idref="oc-b7"/>
            <object_component_ref idref="oc-dc"/>
            <object_component_ref idref="oc-17f"/>
            <object_component_ref idref="oc-1a6"/>
            <object_component_ref idref="oc-176"/>
            <object_component_ref idref="oc-177"/>
            <object_component_ref idref="oc-17b"/>
            <object_component_ref idref="oc-173"/>
            <object_component_ref idref="oc-179"/>
            <object_component_ref idref="oc-17a"/>
            <object_component_ref idref="oc-178"/>
            <object_component_ref idref="oc-16d"/>
            <object_component_ref idref="oc-19f"/>
            <object_component_ref idref="oc-172"/>
            <object_component_ref idref="oc-171"/>
            <object_component_ref idref="oc-16a"/>
            <object_component_ref idref="oc-1a3"/>
            <object_component_ref idref="oc-205"/>
         </contents>
      </logical_group>
      <logical_group id="lg-1f1" display="never" color="cyan">
         <name>.debug_str</name>
         <load_address>0x0</load_address>
         <run_address>0x0</run_address>
         <size>0xca8</size>
         <contents>
            <object_component_ref idref="oc-89"/>
            <object_component_ref idref="oc-cb"/>
            <object_component_ref idref="oc-c6"/>
            <object_component_ref idref="oc-8e"/>
            <object_component_ref idref="oc-4c"/>
            <object_component_ref idref="oc-16f"/>
            <object_component_ref idref="oc-1a5"/>
         </contents>
      </logical_group>
      <logical_group id="lg-1f3" display="never" color="cyan">
         <name>.debug_aranges</name>
         <load_address>0x0</load_address>
         <run_address>0x0</run_address>
         <size>0x2a0</size>
         <contents>
            <object_component_ref idref="oc-b2"/>
            <object_component_ref idref="oc-29"/>
            <object_component_ref idref="oc-30"/>
            <object_component_ref idref="oc-3b"/>
            <object_component_ref idref="oc-35"/>
            <object_component_ref idref="oc-11f"/>
            <object_component_ref idref="oc-126"/>
            <object_component_ref idref="oc-11c"/>
            <object_component_ref idref="oc-6a"/>
            <object_component_ref idref="oc-ae"/>
            <object_component_ref idref="oc-12e"/>
            <object_component_ref idref="oc-f7"/>
            <object_component_ref idref="oc-fd"/>
            <object_component_ref idref="oc-115"/>
            <object_component_ref idref="oc-f1"/>
            <object_component_ref idref="oc-109"/>
            <object_component_ref idref="oc-110"/>
            <object_component_ref idref="oc-104"/>
            <object_component_ref idref="oc-ec"/>
            <object_component_ref idref="oc-e6"/>
            <object_component_ref idref="oc-e1"/>
         </contents>
      </logical_group>
      <logical_group id="lg-1f5" display="never" color="cyan">
         <name>.debug_pubnames</name>
         <load_address>0x0</load_address>
         <run_address>0x0</run_address>
         <size>0x37a</size>
         <contents>
            <object_component_ref idref="oc-b3"/>
            <object_component_ref idref="oc-14"/>
            <object_component_ref idref="oc-2a"/>
            <object_component_ref idref="oc-31"/>
            <object_component_ref idref="oc-3c"/>
            <object_component_ref idref="oc-36"/>
            <object_component_ref idref="oc-121"/>
            <object_component_ref idref="oc-127"/>
            <object_component_ref idref="oc-11b"/>
            <object_component_ref idref="oc-26"/>
            <object_component_ref idref="oc-69"/>
            <object_component_ref idref="oc-ad"/>
            <object_component_ref idref="oc-12d"/>
            <object_component_ref idref="oc-175"/>
            <object_component_ref idref="oc-f8"/>
            <object_component_ref idref="oc-fe"/>
            <object_component_ref idref="oc-116"/>
            <object_component_ref idref="oc-f2"/>
            <object_component_ref idref="oc-10a"/>
            <object_component_ref idref="oc-111"/>
            <object_component_ref idref="oc-105"/>
            <object_component_ref idref="oc-ed"/>
            <object_component_ref idref="oc-e7"/>
            <object_component_ref idref="oc-e2"/>
         </contents>
      </logical_group>
      <logical_group id="lg-1f7" display="never" color="cyan">
         <name>.debug_pubtypes</name>
         <load_address>0x0</load_address>
         <run_address>0x0</run_address>
         <size>0xa10</size>
         <contents>
            <object_component_ref idref="oc-86"/>
            <object_component_ref idref="oc-c8"/>
            <object_component_ref idref="oc-c3"/>
            <object_component_ref idref="oc-8b"/>
            <object_component_ref idref="oc-49"/>
            <object_component_ref idref="oc-16c"/>
            <object_component_ref idref="oc-1a2"/>
         </contents>
      </logical_group>
      <logical_group id="lg-202" display="no" color="cyan">
         <name>Veneer$$CMSE</name>
         <run_address>0x0</run_address>
         <size>0x0</size>
         <contents>
         </contents>
      </logical_group>
      <load_segment id="lg-206" display="no" color="cyan">
         <name>SEGMENT_0</name>
         <load_address>0x0</load_address>
         <run_address>0x0</run_address>
         <size>0x7a2</size>
         <flags>0x5</flags>
         <contents>
            <logical_group_ref idref="lg-3"/>
            <logical_group_ref idref="lg-4"/>
         </contents>
      </load_segment>
      <load_segment id="lg-207" display="no" color="cyan">
         <name>SEGMENT_1</name>
         <run_address>0x20000000</run_address>
         <size>0x200</size>
         <flags>0x6</flags>
         <contents>
            <logical_group_ref idref="lg-d"/>
         </contents>
      </load_segment>
   </logical_group_list>
   <placement_map>
      <memory_area display="yes" color="green">
         <name>FLASH</name>
         <page_id>0x0</page_id>
         <origin>0x0</origin>
         <length>0x40000</length>
         <used_space>0x7a2</used_space>
         <unused_space>0x3f85e</unused_space>
         <attributes>RX</attributes>
         <usage_details>
            <allocated_space>
               <start_address>0x0</start_address>
               <size>0x26c</size>
               <logical_group_ref idref="lg-3"/>
            </allocated_space>
            <allocated_space>
               <start_address>0x26c</start_address>
               <size>0x536</size>
               <logical_group_ref idref="lg-4"/>
            </allocated_space>
            <available_space>
               <start_address>0x7a2</start_address>
               <size>0x3f85e</size>
            </available_space>
         </usage_details>
      </memory_area>
      <memory_area display="yes" color="green">
         <name>SRAM</name>
         <page_id>0x0</page_id>
         <origin>0x20000000</origin>
         <length>0x8000</length>
         <used_space>0x200</used_space>
         <unused_space>0x7e00</unused_space>
         <attributes>RWX</attributes>
         <usage_details>
            <allocated_space>
               <start_address>0x20000000</start_address>
               <size>0x0</size>
               <logical_group_ref idref="lg-1da"/>
            </allocated_space>
            <allocated_space>
               <start_address>0x20000000</start_address>
               <size>0x200</size>
               <logical_group_ref idref="lg-d"/>
            </allocated_space>
            <available_space>
               <start_address>0x20000200</start_address>
               <size>0x7e00</size>
            </available_space>
         </usage_details>
      </memory_area>
   </placement_map>
   <symbol_table>
      <symbol id="sm-1">
         <name>__STACK_TOP</name>
         <value>0x20000200</value>
      </symbol>
      <symbol id="sm-2">
         <name>__start___llvm_prf_cnts</name>
         <value>0x20000000</value>
      </symbol>
      <symbol id="sm-3">
         <name>__stop___llvm_prf_cnts</name>
         <value>0x20000000</value>
      </symbol>
      <symbol id="sm-4">
         <name>binit</name>
         <value>0xffffffff</value>
      </symbol>
      <symbol id="sm-5">
         <name>__binit__</name>
         <value>0xffffffff</value>
      </symbol>
      <symbol id="sm-6">
         <name>__STACK_SIZE</name>
         <value>0x200</value>
      </symbol>
      <symbol id="sm-7">
         <name>__STACK_END</name>
         <value>0x20000200</value>
      </symbol>
      <symbol id="sm-8">
         <name>__c_args__</name>
         <value>0xffffffff</value>
      </symbol>
      <symbol id="sm-9">
         <name>__TI_pprof_out_hndl</name>
         <value>0xffffffff</value>
      </symbol>
      <symbol id="sm-a">
         <name>__TI_prof_data_start</name>
         <value>0xffffffff</value>
      </symbol>
      <symbol id="sm-b">
         <name>__TI_prof_data_size</name>
         <value>0xffffffff</value>
      </symbol>
      <symbol id="sm-c">
         <name>__TI_static_base__</name>
         <value>0x0</value>
      </symbol>
      <symbol id="sm-4d">
         <name>main</name>
         <value>0x45d</value>
         <object_component_ref idref="oc-b0"/>
      </symbol>
      <symbol id="sm-83">
         <name>ResetISR</name>
         <value>0x78b</value>
         <object_component_ref idref="oc-27"/>
      </symbol>
      <symbol id="sm-84">
         <name>g_pfnVectors</name>
         <value>0x0</value>
         <object_component_ref idref="oc-12"/>
      </symbol>
      <symbol id="sm-90">
         <name>__aeabi_dmul</name>
         <value>0x26d</value>
         <object_component_ref idref="oc-11e"/>
      </symbol>
      <symbol id="sm-9c">
         <name>__aeabi_d2f</name>
         <value>0x57f</value>
         <object_component_ref idref="oc-123"/>
      </symbol>
      <symbol id="sm-a7">
         <name>__aeabi_f2d</name>
         <value>0x675</value>
         <object_component_ref idref="oc-119"/>
      </symbol>
      <symbol id="sm-bc">
         <name>_c_int00_noinit_noargs</name>
         <value>0x711</value>
         <object_component_ref idref="oc-65"/>
      </symbol>
      <symbol id="sm-bd">
         <name>__stack</name>
         <value>0x20000000</value>
         <object_component_ref idref="oc-24"/>
      </symbol>
      <symbol id="sm-ca">
         <name>_system_pre_init</name>
         <value>0x797</value>
         <object_component_ref idref="oc-aa"/>
      </symbol>
      <symbol id="sm-d6">
         <name>C$$EXIT</name>
         <value>0x79b</value>
         <object_component_ref idref="oc-129"/>
      </symbol>
      <symbol id="sm-d7">
         <name>abort</name>
         <value>0x79b</value>
         <object_component_ref idref="oc-129"/>
      </symbol>
      <symbol id="sm-124">
         <name>ADCProcessorTrigger</name>
         <value>0x75b</value>
         <object_component_ref idref="oc-107"/>
      </symbol>
      <symbol id="sm-125">
         <name>ADCSequenceEnable</name>
         <value>0x773</value>
         <object_component_ref idref="oc-fb"/>
      </symbol>
      <symbol id="sm-126">
         <name>ADCSequenceConfigure</name>
         <value>0x5ed</value>
         <object_component_ref idref="oc-ef"/>
      </symbol>
      <symbol id="sm-127">
         <name>ADCSequenceStepConfigure</name>
         <value>0x505</value>
         <object_component_ref idref="oc-f5"/>
      </symbol>
      <symbol id="sm-128">
         <name>ADCIntClear</name>
         <value>0x781</value>
         <object_component_ref idref="oc-101"/>
      </symbol>
      <symbol id="sm-129">
         <name>ADCIntStatus</name>
         <value>0x6e1</value>
         <object_component_ref idref="oc-10d"/>
      </symbol>
      <symbol id="sm-12a">
         <name>ADCSequenceDataGet</name>
         <value>0x73d</value>
         <object_component_ref idref="oc-113"/>
      </symbol>
      <symbol id="sm-162">
         <name>SysCtlClockSet</name>
         <value>0x369</value>
         <object_component_ref idref="oc-dd"/>
      </symbol>
      <symbol id="sm-163">
         <name>SysCtlDelay</name>
         <value>0x791</value>
         <object_component_ref idref="oc-169"/>
      </symbol>
      <symbol id="sm-164">
         <name>SysCtlPeripheralEnable</name>
         <value>0x6ad</value>
         <object_component_ref idref="oc-e3"/>
      </symbol>
      <symbol id="sm-165">
         <name>SysCtlPeripheralReady</name>
         <value>0x63d</value>
         <object_component_ref idref="oc-e9"/>
      </symbol>
      <symbol id="sm-167">
         <name>__mpu_init</name>
         <value>0x0</value>
      </symbol>
   </symbol_table>
   <title>Link successful</title>
</link_info>
