<?xml version="1.0" encoding="ISO-8859-1" ?>
<link_info>
   <banner>TI ARM Linker PC v20.2.5.LTS</banner>
   <copyright>Copyright (c) 1996-2018 Texas Instruments Incorporated</copyright>
   <link_time>0x623c9867</link_time>
   <link_errors>0x0</link_errors>
   <output_file>blinky.out</output_file>
   <entry_point>
      <name>_c_int00_noinit_noargs</name>
      <address>0x471</address>
   </entry_point>
   <input_file_list>
      <input_file id="fl-2">
         <path>.\</path>
         <kind>object</kind>
         <file>blinky.obj</file>
         <name>blinky.obj</name>
      </input_file>
      <input_file id="fl-3">
         <path>.\</path>
         <kind>object</kind>
         <file>startup_ccs.obj</file>
         <name>startup_ccs.obj</name>
      </input_file>
      <input_file id="fl-8">
         <kind>object</kind>
         <file>&lt;internal&gt;</file>
         <name>&lt;internal&gt;</name>
      </input_file>
      <input_file id="fl-be">
         <path>C:\ti\ccs1110\ccs\tools\compiler\ti-cgt-arm_20.2.5.LTS\lib\</path>
         <kind>archive</kind>
         <file>rtsv7M4_T_le_v4SPD16_eabi.lib</file>
         <name>copy_zero_init.c.obj</name>
      </input_file>
      <input_file id="fl-bf">
         <path>C:\ti\ccs1110\ccs\tools\compiler\ti-cgt-arm_20.2.5.LTS\lib\</path>
         <kind>archive</kind>
         <file>rtsv7M4_T_le_v4SPD16_eabi.lib</file>
         <name>copy_decompress_none.c.obj</name>
      </input_file>
      <input_file id="fl-c0">
         <path>C:\ti\ccs1110\ccs\tools\compiler\ti-cgt-arm_20.2.5.LTS\lib\</path>
         <kind>archive</kind>
         <file>rtsv7M4_T_le_v4SPD16_eabi.lib</file>
         <name>copy_decompress_lzss.c.obj</name>
      </input_file>
      <input_file id="fl-c1">
         <path>C:\ti\ccs1110\ccs\tools\compiler\ti-cgt-arm_20.2.5.LTS\lib\</path>
         <kind>archive</kind>
         <file>rtsv7M4_T_le_v4SPD16_eabi.lib</file>
         <name>boot_cortex_m.c.obj</name>
      </input_file>
      <input_file id="fl-c2">
         <path>C:\ti\ccs1110\ccs\tools\compiler\ti-cgt-arm_20.2.5.LTS\lib\</path>
         <kind>archive</kind>
         <file>rtsv7M4_T_le_v4SPD16_eabi.lib</file>
         <name>memcpy_t2.asm.obj</name>
      </input_file>
      <input_file id="fl-c3">
         <path>C:\ti\ccs1110\ccs\tools\compiler\ti-cgt-arm_20.2.5.LTS\lib\</path>
         <kind>archive</kind>
         <file>rtsv7M4_T_le_v4SPD16_eabi.lib</file>
         <name>memset_t2.asm.obj</name>
      </input_file>
      <input_file id="fl-c4">
         <path>C:\ti\ccs1110\ccs\tools\compiler\ti-cgt-arm_20.2.5.LTS\lib\</path>
         <kind>archive</kind>
         <file>rtsv7M4_T_le_v4SPD16_eabi.lib</file>
         <name>autoinit.c.obj</name>
      </input_file>
      <input_file id="fl-c5">
         <path>C:\ti\ccs1110\ccs\tools\compiler\ti-cgt-arm_20.2.5.LTS\lib\</path>
         <kind>archive</kind>
         <file>rtsv7M4_T_le_v4SPD16_eabi.lib</file>
         <name>pre_init.c.obj</name>
      </input_file>
      <input_file id="fl-c6">
         <path>C:\ti\ccs1110\ccs\tools\compiler\ti-cgt-arm_20.2.5.LTS\lib\</path>
         <kind>archive</kind>
         <file>rtsv7M4_T_le_v4SPD16_eabi.lib</file>
         <name>cpy_tbl.c.obj</name>
      </input_file>
      <input_file id="fl-c7">
         <path>C:\ti\ccs1110\ccs\tools\compiler\ti-cgt-arm_20.2.5.LTS\lib\</path>
         <kind>archive</kind>
         <file>rtsv7M4_T_le_v4SPD16_eabi.lib</file>
         <name>exit.c.obj</name>
      </input_file>
      <input_file id="fl-c8">
         <path>C:\ti\ccs1110\ccs\tools\compiler\ti-cgt-arm_20.2.5.LTS\lib\</path>
         <kind>archive</kind>
         <file>rtsv7M4_T_le_v4SPD16_eabi.lib</file>
         <name>_lock.c.obj</name>
      </input_file>
      <input_file id="fl-c9">
         <path>C:\ti\ccs1110\ccs\tools\compiler\ti-cgt-arm_20.2.5.LTS\lib\</path>
         <kind>archive</kind>
         <file>rtsv7M4_T_le_v4SPD16_eabi.lib</file>
         <name>args_main.c.obj</name>
      </input_file>
      <input_file id="fl-ca">
         <path>C:\ti\tivaware_c_series_2_1_4_178\driverlib\ccs\Debug\</path>
         <kind>archive</kind>
         <file>driverlib.lib</file>
         <name>gpio.obj</name>
      </input_file>
      <input_file id="fl-cb">
         <path>C:\ti\tivaware_c_series_2_1_4_178\driverlib\ccs\Debug\</path>
         <kind>archive</kind>
         <file>driverlib.lib</file>
         <name>interrupt.obj</name>
      </input_file>
      <input_file id="fl-cc">
         <path>C:\ti\tivaware_c_series_2_1_4_178\driverlib\ccs\Debug\</path>
         <kind>archive</kind>
         <file>driverlib.lib</file>
         <name>sysctl.obj</name>
      </input_file>
      <input_file id="fl-cd">
         <path>C:\ti\tivaware_c_series_2_1_4_178\driverlib\ccs\Debug\</path>
         <kind>archive</kind>
         <file>driverlib.lib</file>
         <name>cpu.obj</name>
      </input_file>
   </input_file_list>
   <object_component_list>
      <object_component id="oc-12">
         <name>.intvecs</name>
         <load_address>0x0</load_address>
         <run_address>0x0</run_address>
         <size>0x26c</size>
         <input_file_ref idref="fl-3"/>
      </object_component>
      <object_component id="oc-13e">
         <name>.text:GPIOPadConfigSet</name>
         <load_address>0x26c</load_address>
         <run_address>0x26c</run_address>
         <size>0x132</size>
         <input_file_ref idref="fl-ca"/>
      </object_component>
      <object_component id="oc-33">
         <name>.text:FaultISR</name>
         <load_address>0x39e</load_address>
         <run_address>0x39e</run_address>
         <size>0x2</size>
         <input_file_ref idref="fl-3"/>
      </object_component>
      <object_component id="oc-b0">
         <name>.text:main</name>
         <load_address>0x3a0</load_address>
         <run_address>0x3a0</run_address>
         <size>0x64</size>
         <input_file_ref idref="fl-2"/>
      </object_component>
      <object_component id="oc-e3">
         <name>.text:SysCtlPeripheralReady</name>
         <load_address>0x404</load_address>
         <run_address>0x404</run_address>
         <size>0x38</size>
         <input_file_ref idref="fl-cc"/>
      </object_component>
      <object_component id="oc-dd">
         <name>.text:SysCtlPeripheralEnable</name>
         <load_address>0x43c</load_address>
         <run_address>0x43c</run_address>
         <size>0x34</size>
         <input_file_ref idref="fl-cc"/>
      </object_component>
      <object_component id="oc-65">
         <name>.text:_c_int00_noinit_noargs:_c_int00_noinit_noargs</name>
         <load_address>0x470</load_address>
         <run_address>0x470</run_address>
         <size>0x2c</size>
         <input_file_ref idref="fl-c1"/>
      </object_component>
      <object_component id="oc-144">
         <name>.text:GPIODirModeSet</name>
         <load_address>0x49c</load_address>
         <run_address>0x49c</run_address>
         <size>0x2a</size>
         <input_file_ref idref="fl-ca"/>
      </object_component>
      <object_component id="oc-e9">
         <name>.text:GPIOPinTypeGPIOOutput</name>
         <load_address>0x4c6</load_address>
         <run_address>0x4c6</run_address>
         <size>0x18</size>
         <input_file_ref idref="fl-ca"/>
      </object_component>
      <object_component id="oc-ef">
         <name>.text:GPIOPinWrite</name>
         <load_address>0x4de</load_address>
         <run_address>0x4de</run_address>
         <size>0x6</size>
         <input_file_ref idref="fl-ca"/>
      </object_component>
      <object_component id="oc-27">
         <name>.text:ResetISR</name>
         <load_address>0x4e4</load_address>
         <run_address>0x4e4</run_address>
         <size>0x6</size>
         <input_file_ref idref="fl-3"/>
      </object_component>
      <object_component id="oc-aa">
         <name>.text:_system_pre_init</name>
         <load_address>0x4ea</load_address>
         <run_address>0x4ea</run_address>
         <size>0x4</size>
         <input_file_ref idref="fl-c5"/>
      </object_component>
      <object_component id="oc-f6">
         <name>.text:abort:abort</name>
         <load_address>0x4ee</load_address>
         <run_address>0x4ee</run_address>
         <size>0x4</size>
         <input_file_ref idref="fl-c7"/>
      </object_component>
      <object_component id="oc-39">
         <name>.text:IntDefaultHandler</name>
         <load_address>0x4f2</load_address>
         <run_address>0x4f2</run_address>
         <size>0x2</size>
         <input_file_ref idref="fl-3"/>
      </object_component>
      <object_component id="oc-2d">
         <name>.text:NmiSR</name>
         <load_address>0x4f4</load_address>
         <run_address>0x4f4</run_address>
         <size>0x2</size>
         <input_file_ref idref="fl-3"/>
      </object_component>
      <object_component id="oc-24">
         <name>.stack</name>
         <uninitialized>true</uninitialized>
         <run_address>0x20000000</run_address>
         <size>0x4</size>
         <input_file_ref idref="fl-c1"/>
      </object_component>
      <object_component id="oc-1d3">
         <name>.stack</name>
         <uninitialized>true</uninitialized>
         <run_address>0x20000000</run_address>
         <size>0x0</size>
      </object_component>
      <object_component id="oc-cc">
         <name>.debug_info</name>
         <load_address>0x0</load_address>
         <run_address>0x0</run_address>
         <size>0x350</size>
         <input_file_ref idref="fl-2"/>
      </object_component>
      <object_component id="oc-b1">
         <name>.debug_info</name>
         <load_address>0x350</load_address>
         <run_address>0x350</run_address>
         <size>0x184</size>
         <input_file_ref idref="fl-2"/>
      </object_component>
      <object_component id="oc-85">
         <name>.debug_info</name>
         <load_address>0x4d4</load_address>
         <run_address>0x4d4</run_address>
         <size>0x26b</size>
         <input_file_ref idref="fl-2"/>
      </object_component>
      <object_component id="oc-c7">
         <name>.debug_info</name>
         <load_address>0x73f</load_address>
         <run_address>0x73f</run_address>
         <size>0x8b</size>
         <input_file_ref idref="fl-2"/>
      </object_component>
      <object_component id="oc-c2">
         <name>.debug_info</name>
         <load_address>0x7ca</load_address>
         <run_address>0x7ca</run_address>
         <size>0x2a4</size>
         <input_file_ref idref="fl-2"/>
      </object_component>
      <object_component id="oc-8a">
         <name>.debug_info</name>
         <load_address>0xa6e</load_address>
         <run_address>0xa6e</run_address>
         <size>0xbb</size>
         <input_file_ref idref="fl-2"/>
      </object_component>
      <object_component id="oc-41">
         <name>.debug_info</name>
         <load_address>0xb29</load_address>
         <run_address>0xb29</run_address>
         <size>0x299</size>
         <input_file_ref idref="fl-3"/>
      </object_component>
      <object_component id="oc-13">
         <name>.debug_info</name>
         <load_address>0xdc2</load_address>
         <run_address>0xdc2</run_address>
         <size>0xd8</size>
         <input_file_ref idref="fl-3"/>
      </object_component>
      <object_component id="oc-2a">
         <name>.debug_info</name>
         <load_address>0xe9a</load_address>
         <run_address>0xe9a</run_address>
         <size>0x108</size>
         <input_file_ref idref="fl-3"/>
      </object_component>
      <object_component id="oc-30">
         <name>.debug_info</name>
         <load_address>0xfa2</load_address>
         <run_address>0xfa2</run_address>
         <size>0xf7</size>
         <input_file_ref idref="fl-3"/>
      </object_component>
      <object_component id="oc-3c">
         <name>.debug_info</name>
         <load_address>0x1099</load_address>
         <run_address>0x1099</run_address>
         <size>0x111</size>
         <input_file_ref idref="fl-3"/>
      </object_component>
      <object_component id="oc-34">
         <name>.debug_info</name>
         <load_address>0x11aa</load_address>
         <run_address>0x11aa</run_address>
         <size>0xff</size>
         <input_file_ref idref="fl-3"/>
      </object_component>
      <object_component id="oc-48">
         <name>.debug_info</name>
         <load_address>0x12a9</load_address>
         <run_address>0x12a9</run_address>
         <size>0x84</size>
         <input_file_ref idref="fl-3"/>
      </object_component>
      <object_component id="oc-25">
         <name>.debug_info</name>
         <load_address>0x132d</load_address>
         <run_address>0x132d</run_address>
         <size>0x10b</size>
         <input_file_ref idref="fl-c1"/>
      </object_component>
      <object_component id="oc-67">
         <name>.debug_info</name>
         <load_address>0x1438</load_address>
         <run_address>0x1438</run_address>
         <size>0x1a2</size>
         <input_file_ref idref="fl-c1"/>
      </object_component>
      <object_component id="oc-ab">
         <name>.debug_info</name>
         <load_address>0x15da</load_address>
         <run_address>0x15da</run_address>
         <size>0x153</size>
         <input_file_ref idref="fl-c5"/>
      </object_component>
      <object_component id="oc-f9">
         <name>.debug_info</name>
         <load_address>0x172d</load_address>
         <run_address>0x172d</run_address>
         <size>0x122</size>
         <input_file_ref idref="fl-c7"/>
      </object_component>
      <object_component id="oc-14b">
         <name>.debug_info</name>
         <load_address>0x184f</load_address>
         <run_address>0x184f</run_address>
         <size>0x240</size>
         <input_file_ref idref="fl-ca"/>
      </object_component>
      <object_component id="oc-f0">
         <name>.debug_info</name>
         <load_address>0x1a8f</load_address>
         <run_address>0x1a8f</run_address>
         <size>0x2a3</size>
         <input_file_ref idref="fl-ca"/>
      </object_component>
      <object_component id="oc-146">
         <name>.debug_info</name>
         <load_address>0x1d32</load_address>
         <run_address>0x1d32</run_address>
         <size>0x2b3</size>
         <input_file_ref idref="fl-ca"/>
      </object_component>
      <object_component id="oc-140">
         <name>.debug_info</name>
         <load_address>0x1fe5</load_address>
         <run_address>0x1fe5</run_address>
         <size>0x316</size>
         <input_file_ref idref="fl-ca"/>
      </object_component>
      <object_component id="oc-ea">
         <name>.debug_info</name>
         <load_address>0x22fb</load_address>
         <run_address>0x22fb</run_address>
         <size>0x2b7</size>
         <input_file_ref idref="fl-ca"/>
      </object_component>
      <object_component id="oc-137">
         <name>.debug_info</name>
         <load_address>0x25b2</load_address>
         <run_address>0x25b2</run_address>
         <size>0x18b</size>
         <input_file_ref idref="fl-ca"/>
      </object_component>
      <object_component id="oc-13c">
         <name>.debug_info</name>
         <load_address>0x273d</load_address>
         <run_address>0x273d</run_address>
         <size>0x298</size>
         <input_file_ref idref="fl-cc"/>
      </object_component>
      <object_component id="oc-e4">
         <name>.debug_info</name>
         <load_address>0x29d5</load_address>
         <run_address>0x29d5</run_address>
         <size>0x27f</size>
         <input_file_ref idref="fl-cc"/>
      </object_component>
      <object_component id="oc-de">
         <name>.debug_info</name>
         <load_address>0x2c54</load_address>
         <run_address>0x2c54</run_address>
         <size>0x27d</size>
         <input_file_ref idref="fl-cc"/>
      </object_component>
      <object_component id="oc-16f">
         <name>.debug_info</name>
         <load_address>0x2ed1</load_address>
         <run_address>0x2ed1</run_address>
         <size>0x5f</size>
         <input_file_ref idref="fl-cc"/>
      </object_component>
      <object_component id="oc-1d4">
         <name>.debug_info</name>
         <load_address>0x2f30</load_address>
         <run_address>0x2f30</run_address>
         <size>0x98</size>
      </object_component>
      <object_component id="oc-135">
         <name>.debug_line</name>
         <load_address>0x0</load_address>
         <run_address>0x0</run_address>
         <size>0x8e</size>
         <input_file_ref idref="fl-2"/>
      </object_component>
      <object_component id="oc-b5">
         <name>.debug_line</name>
         <load_address>0x8e</load_address>
         <run_address>0x8e</run_address>
         <size>0x7d</size>
         <input_file_ref idref="fl-2"/>
      </object_component>
      <object_component id="oc-88">
         <name>.debug_line</name>
         <load_address>0x10b</load_address>
         <run_address>0x10b</run_address>
         <size>0x6f</size>
         <input_file_ref idref="fl-2"/>
      </object_component>
      <object_component id="oc-ca">
         <name>.debug_line</name>
         <load_address>0x17a</load_address>
         <run_address>0x17a</run_address>
         <size>0x20</size>
         <input_file_ref idref="fl-2"/>
      </object_component>
      <object_component id="oc-c5">
         <name>.debug_line</name>
         <load_address>0x19a</load_address>
         <run_address>0x19a</run_address>
         <size>0x73</size>
         <input_file_ref idref="fl-2"/>
      </object_component>
      <object_component id="oc-8d">
         <name>.debug_line</name>
         <load_address>0x20d</load_address>
         <run_address>0x20d</run_address>
         <size>0x70</size>
         <input_file_ref idref="fl-2"/>
      </object_component>
      <object_component id="oc-84">
         <name>.debug_line</name>
         <load_address>0x27d</load_address>
         <run_address>0x27d</run_address>
         <size>0x34</size>
         <input_file_ref idref="fl-3"/>
      </object_component>
      <object_component id="oc-40">
         <name>.debug_line</name>
         <load_address>0x2b1</load_address>
         <run_address>0x2b1</run_address>
         <size>0x34</size>
         <input_file_ref idref="fl-3"/>
      </object_component>
      <object_component id="oc-29">
         <name>.debug_line</name>
         <load_address>0x2e5</load_address>
         <run_address>0x2e5</run_address>
         <size>0x46</size>
         <input_file_ref idref="fl-3"/>
      </object_component>
      <object_component id="oc-2e">
         <name>.debug_line</name>
         <load_address>0x32b</load_address>
         <run_address>0x32b</run_address>
         <size>0x49</size>
         <input_file_ref idref="fl-3"/>
      </object_component>
      <object_component id="oc-3a">
         <name>.debug_line</name>
         <load_address>0x374</load_address>
         <run_address>0x374</run_address>
         <size>0x49</size>
         <input_file_ref idref="fl-3"/>
      </object_component>
      <object_component id="oc-37">
         <name>.debug_line</name>
         <load_address>0x3bd</load_address>
         <run_address>0x3bd</run_address>
         <size>0x49</size>
         <input_file_ref idref="fl-3"/>
      </object_component>
      <object_component id="oc-4b">
         <name>.debug_line</name>
         <load_address>0x406</load_address>
         <run_address>0x406</run_address>
         <size>0x20</size>
         <input_file_ref idref="fl-3"/>
      </object_component>
      <object_component id="oc-7e">
         <name>.debug_line</name>
         <load_address>0x426</load_address>
         <run_address>0x426</run_address>
         <size>0x33</size>
         <input_file_ref idref="fl-c1"/>
      </object_component>
      <object_component id="oc-69">
         <name>.debug_line</name>
         <load_address>0x459</load_address>
         <run_address>0x459</run_address>
         <size>0x48</size>
         <input_file_ref idref="fl-c1"/>
      </object_component>
      <object_component id="oc-ae">
         <name>.debug_line</name>
         <load_address>0x4a1</load_address>
         <run_address>0x4a1</run_address>
         <size>0x40</size>
         <input_file_ref idref="fl-c5"/>
      </object_component>
      <object_component id="oc-fb">
         <name>.debug_line</name>
         <load_address>0x4e1</load_address>
         <run_address>0x4e1</run_address>
         <size>0x3c</size>
         <input_file_ref idref="fl-c7"/>
      </object_component>
      <object_component id="oc-177">
         <name>.debug_line</name>
         <load_address>0x51d</load_address>
         <run_address>0x51d</run_address>
         <size>0x82</size>
         <input_file_ref idref="fl-ca"/>
      </object_component>
      <object_component id="oc-f3">
         <name>.debug_line</name>
         <load_address>0x59f</load_address>
         <run_address>0x59f</run_address>
         <size>0x92</size>
         <input_file_ref idref="fl-ca"/>
      </object_component>
      <object_component id="oc-145">
         <name>.debug_line</name>
         <load_address>0x631</load_address>
         <run_address>0x631</run_address>
         <size>0x95</size>
         <input_file_ref idref="fl-ca"/>
      </object_component>
      <object_component id="oc-13f">
         <name>.debug_line</name>
         <load_address>0x6c6</load_address>
         <run_address>0x6c6</run_address>
         <size>0xd1</size>
         <input_file_ref idref="fl-ca"/>
      </object_component>
      <object_component id="oc-ed">
         <name>.debug_line</name>
         <load_address>0x797</load_address>
         <run_address>0x797</run_address>
         <size>0x99</size>
         <input_file_ref idref="fl-ca"/>
      </object_component>
      <object_component id="oc-13a">
         <name>.debug_line</name>
         <load_address>0x830</load_address>
         <run_address>0x830</run_address>
         <size>0x69</size>
         <input_file_ref idref="fl-ca"/>
      </object_component>
      <object_component id="oc-16e">
         <name>.debug_line</name>
         <load_address>0x899</load_address>
         <run_address>0x899</run_address>
         <size>0x13d</size>
         <input_file_ref idref="fl-cc"/>
      </object_component>
      <object_component id="oc-e7">
         <name>.debug_line</name>
         <load_address>0x9d6</load_address>
         <run_address>0x9d6</run_address>
         <size>0x94</size>
         <input_file_ref idref="fl-cc"/>
      </object_component>
      <object_component id="oc-e1">
         <name>.debug_line</name>
         <load_address>0xa6a</load_address>
         <run_address>0xa6a</run_address>
         <size>0x94</size>
         <input_file_ref idref="fl-cc"/>
      </object_component>
      <object_component id="oc-172">
         <name>.debug_line</name>
         <load_address>0xafe</load_address>
         <run_address>0xafe</run_address>
         <size>0x7f</size>
         <input_file_ref idref="fl-cc"/>
      </object_component>
      <object_component id="oc-b4">
         <name>.debug_frame</name>
         <load_address>0x0</load_address>
         <run_address>0x0</run_address>
         <size>0x60</size>
         <input_file_ref idref="fl-2"/>
      </object_component>
      <object_component id="oc-28">
         <name>.debug_frame</name>
         <load_address>0x60</load_address>
         <run_address>0x60</run_address>
         <size>0x54</size>
         <input_file_ref idref="fl-3"/>
      </object_component>
      <object_component id="oc-2f">
         <name>.debug_frame</name>
         <load_address>0xb4</load_address>
         <run_address>0xb4</run_address>
         <size>0x54</size>
         <input_file_ref idref="fl-3"/>
      </object_component>
      <object_component id="oc-3b">
         <name>.debug_frame</name>
         <load_address>0x108</load_address>
         <run_address>0x108</run_address>
         <size>0x54</size>
         <input_file_ref idref="fl-3"/>
      </object_component>
      <object_component id="oc-38">
         <name>.debug_frame</name>
         <load_address>0x15c</load_address>
         <run_address>0x15c</run_address>
         <size>0x54</size>
         <input_file_ref idref="fl-3"/>
      </object_component>
      <object_component id="oc-6a">
         <name>.debug_frame</name>
         <load_address>0x1b0</load_address>
         <run_address>0x1b0</run_address>
         <size>0x50</size>
         <input_file_ref idref="fl-c1"/>
      </object_component>
      <object_component id="oc-af">
         <name>.debug_frame</name>
         <load_address>0x200</load_address>
         <run_address>0x200</run_address>
         <size>0x54</size>
         <input_file_ref idref="fl-c5"/>
      </object_component>
      <object_component id="oc-f8">
         <name>.debug_frame</name>
         <load_address>0x254</load_address>
         <run_address>0x254</run_address>
         <size>0x54</size>
         <input_file_ref idref="fl-c7"/>
      </object_component>
      <object_component id="oc-f4">
         <name>.debug_frame</name>
         <load_address>0x2a8</load_address>
         <run_address>0x2a8</run_address>
         <size>0x7f</size>
         <input_file_ref idref="fl-ca"/>
      </object_component>
      <object_component id="oc-149">
         <name>.debug_frame</name>
         <load_address>0x327</load_address>
         <run_address>0x327</run_address>
         <size>0x7f</size>
         <input_file_ref idref="fl-ca"/>
      </object_component>
      <object_component id="oc-143">
         <name>.debug_frame</name>
         <load_address>0x3a6</load_address>
         <run_address>0x3a6</run_address>
         <size>0x8f</size>
         <input_file_ref idref="fl-ca"/>
      </object_component>
      <object_component id="oc-ee">
         <name>.debug_frame</name>
         <load_address>0x435</load_address>
         <run_address>0x435</run_address>
         <size>0x8a</size>
         <input_file_ref idref="fl-ca"/>
      </object_component>
      <object_component id="oc-e8">
         <name>.debug_frame</name>
         <load_address>0x4bf</load_address>
         <run_address>0x4bf</run_address>
         <size>0x7f</size>
         <input_file_ref idref="fl-cc"/>
      </object_component>
      <object_component id="oc-e2">
         <name>.debug_frame</name>
         <load_address>0x53e</load_address>
         <run_address>0x53e</run_address>
         <size>0x7f</size>
         <input_file_ref idref="fl-cc"/>
      </object_component>
      <object_component id="oc-134">
         <name>.debug_abbrev</name>
         <load_address>0x0</load_address>
         <run_address>0x0</run_address>
         <size>0x79</size>
         <input_file_ref idref="fl-2"/>
      </object_component>
      <object_component id="oc-f5">
         <name>.debug_abbrev</name>
         <load_address>0x79</load_address>
         <run_address>0x79</run_address>
         <size>0x62</size>
         <input_file_ref idref="fl-2"/>
      </object_component>
      <object_component id="oc-87">
         <name>.debug_abbrev</name>
         <load_address>0xdb</load_address>
         <run_address>0xdb</run_address>
         <size>0x69</size>
         <input_file_ref idref="fl-2"/>
      </object_component>
      <object_component id="oc-c9">
         <name>.debug_abbrev</name>
         <load_address>0x144</load_address>
         <run_address>0x144</run_address>
         <size>0x1f</size>
         <input_file_ref idref="fl-2"/>
      </object_component>
      <object_component id="oc-c4">
         <name>.debug_abbrev</name>
         <load_address>0x163</load_address>
         <run_address>0x163</run_address>
         <size>0x5c</size>
         <input_file_ref idref="fl-2"/>
      </object_component>
      <object_component id="oc-8c">
         <name>.debug_abbrev</name>
         <load_address>0x1bf</load_address>
         <run_address>0x1bf</run_address>
         <size>0x24</size>
         <input_file_ref idref="fl-2"/>
      </object_component>
      <object_component id="oc-83">
         <name>.debug_abbrev</name>
         <load_address>0x1e3</load_address>
         <run_address>0x1e3</run_address>
         <size>0x68</size>
         <input_file_ref idref="fl-3"/>
      </object_component>
      <object_component id="oc-3f">
         <name>.debug_abbrev</name>
         <load_address>0x24b</load_address>
         <run_address>0x24b</run_address>
         <size>0x29</size>
         <input_file_ref idref="fl-3"/>
      </object_component>
      <object_component id="oc-7f">
         <name>.debug_abbrev</name>
         <load_address>0x274</load_address>
         <run_address>0x274</run_address>
         <size>0x50</size>
         <input_file_ref idref="fl-3"/>
      </object_component>
      <object_component id="oc-80">
         <name>.debug_abbrev</name>
         <load_address>0x2c4</load_address>
         <run_address>0x2c4</run_address>
         <size>0x40</size>
         <input_file_ref idref="fl-3"/>
      </object_component>
      <object_component id="oc-82">
         <name>.debug_abbrev</name>
         <load_address>0x304</load_address>
         <run_address>0x304</run_address>
         <size>0x40</size>
         <input_file_ref idref="fl-3"/>
      </object_component>
      <object_component id="oc-81">
         <name>.debug_abbrev</name>
         <load_address>0x344</load_address>
         <run_address>0x344</run_address>
         <size>0x40</size>
         <input_file_ref idref="fl-3"/>
      </object_component>
      <object_component id="oc-4a">
         <name>.debug_abbrev</name>
         <load_address>0x384</load_address>
         <run_address>0x384</run_address>
         <size>0x1f</size>
         <input_file_ref idref="fl-3"/>
      </object_component>
      <object_component id="oc-7d">
         <name>.debug_abbrev</name>
         <load_address>0x3a3</load_address>
         <run_address>0x3a3</run_address>
         <size>0x29</size>
         <input_file_ref idref="fl-c1"/>
      </object_component>
      <object_component id="oc-b7">
         <name>.debug_abbrev</name>
         <load_address>0x3cc</load_address>
         <run_address>0x3cc</run_address>
         <size>0x55</size>
         <input_file_ref idref="fl-c1"/>
      </object_component>
      <object_component id="oc-dc">
         <name>.debug_abbrev</name>
         <load_address>0x421</load_address>
         <run_address>0x421</run_address>
         <size>0x55</size>
         <input_file_ref idref="fl-c5"/>
      </object_component>
      <object_component id="oc-14d">
         <name>.debug_abbrev</name>
         <load_address>0x476</load_address>
         <run_address>0x476</run_address>
         <size>0x45</size>
         <input_file_ref idref="fl-c7"/>
      </object_component>
      <object_component id="oc-176">
         <name>.debug_abbrev</name>
         <load_address>0x4bb</load_address>
         <run_address>0x4bb</run_address>
         <size>0x72</size>
         <input_file_ref idref="fl-ca"/>
      </object_component>
      <object_component id="oc-14c">
         <name>.debug_abbrev</name>
         <load_address>0x52d</load_address>
         <run_address>0x52d</run_address>
         <size>0x6c</size>
         <input_file_ref idref="fl-ca"/>
      </object_component>
      <object_component id="oc-175">
         <name>.debug_abbrev</name>
         <load_address>0x599</load_address>
         <run_address>0x599</run_address>
         <size>0x6c</size>
         <input_file_ref idref="fl-ca"/>
      </object_component>
      <object_component id="oc-174">
         <name>.debug_abbrev</name>
         <load_address>0x605</load_address>
         <run_address>0x605</run_address>
         <size>0x6c</size>
         <input_file_ref idref="fl-ca"/>
      </object_component>
      <object_component id="oc-14a">
         <name>.debug_abbrev</name>
         <load_address>0x671</load_address>
         <run_address>0x671</run_address>
         <size>0x7a</size>
         <input_file_ref idref="fl-ca"/>
      </object_component>
      <object_component id="oc-139">
         <name>.debug_abbrev</name>
         <load_address>0x6eb</load_address>
         <run_address>0x6eb</run_address>
         <size>0x35</size>
         <input_file_ref idref="fl-ca"/>
      </object_component>
      <object_component id="oc-16d">
         <name>.debug_abbrev</name>
         <load_address>0x720</load_address>
         <run_address>0x720</run_address>
         <size>0xb0</size>
         <input_file_ref idref="fl-cc"/>
      </object_component>
      <object_component id="oc-13d">
         <name>.debug_abbrev</name>
         <load_address>0x7d0</load_address>
         <run_address>0x7d0</run_address>
         <size>0x6e</size>
         <input_file_ref idref="fl-cc"/>
      </object_component>
      <object_component id="oc-136">
         <name>.debug_abbrev</name>
         <load_address>0x83e</load_address>
         <run_address>0x83e</run_address>
         <size>0x6c</size>
         <input_file_ref idref="fl-cc"/>
      </object_component>
      <object_component id="oc-171">
         <name>.debug_abbrev</name>
         <load_address>0x8aa</load_address>
         <run_address>0x8aa</run_address>
         <size>0x49</size>
         <input_file_ref idref="fl-cc"/>
      </object_component>
      <object_component id="oc-1d5">
         <name>.debug_abbrev</name>
         <load_address>0x8f3</load_address>
         <run_address>0x8f3</run_address>
         <size>0xf</size>
      </object_component>
      <object_component id="oc-89">
         <name>.debug_str</name>
         <load_address>0x0</load_address>
         <run_address>0x0</run_address>
         <size>0x2a9</size>
         <input_file_ref idref="fl-2"/>
      </object_component>
      <object_component id="oc-cb">
         <name>.debug_str</name>
         <load_address>0x2a9</load_address>
         <run_address>0x2a9</run_address>
         <size>0xfd</size>
         <input_file_ref idref="fl-2"/>
      </object_component>
      <object_component id="oc-c6">
         <name>.debug_str</name>
         <load_address>0x3a6</load_address>
         <run_address>0x3a6</run_address>
         <size>0x33f</size>
         <input_file_ref idref="fl-2"/>
      </object_component>
      <object_component id="oc-8e">
         <name>.debug_str</name>
         <load_address>0x6e5</load_address>
         <run_address>0x6e5</run_address>
         <size>0x141</size>
         <input_file_ref idref="fl-2"/>
      </object_component>
      <object_component id="oc-4c">
         <name>.debug_str</name>
         <load_address>0x826</load_address>
         <run_address>0x826</run_address>
         <size>0xfd</size>
         <input_file_ref idref="fl-3"/>
      </object_component>
      <object_component id="oc-13b">
         <name>.debug_str</name>
         <load_address>0x923</load_address>
         <run_address>0x923</run_address>
         <size>0x241</size>
         <input_file_ref idref="fl-ca"/>
      </object_component>
      <object_component id="oc-173">
         <name>.debug_str</name>
         <load_address>0xb64</load_address>
         <run_address>0xb64</run_address>
         <size>0x141</size>
         <input_file_ref idref="fl-cc"/>
      </object_component>
      <object_component id="oc-b2">
         <name>.debug_aranges</name>
         <load_address>0x0</load_address>
         <run_address>0x0</run_address>
         <size>0x20</size>
         <input_file_ref idref="fl-2"/>
      </object_component>
      <object_component id="oc-2b">
         <name>.debug_aranges</name>
         <load_address>0x20</load_address>
         <run_address>0x20</run_address>
         <size>0x20</size>
         <input_file_ref idref="fl-3"/>
      </object_component>
      <object_component id="oc-32">
         <name>.debug_aranges</name>
         <load_address>0x40</load_address>
         <run_address>0x40</run_address>
         <size>0x20</size>
         <input_file_ref idref="fl-3"/>
      </object_component>
      <object_component id="oc-3e">
         <name>.debug_aranges</name>
         <load_address>0x60</load_address>
         <run_address>0x60</run_address>
         <size>0x20</size>
         <input_file_ref idref="fl-3"/>
      </object_component>
      <object_component id="oc-35">
         <name>.debug_aranges</name>
         <load_address>0x80</load_address>
         <run_address>0x80</run_address>
         <size>0x20</size>
         <input_file_ref idref="fl-3"/>
      </object_component>
      <object_component id="oc-66">
         <name>.debug_aranges</name>
         <load_address>0xa0</load_address>
         <run_address>0xa0</run_address>
         <size>0x20</size>
         <input_file_ref idref="fl-c1"/>
      </object_component>
      <object_component id="oc-ac">
         <name>.debug_aranges</name>
         <load_address>0xc0</load_address>
         <run_address>0xc0</run_address>
         <size>0x20</size>
         <input_file_ref idref="fl-c5"/>
      </object_component>
      <object_component id="oc-f7">
         <name>.debug_aranges</name>
         <load_address>0xe0</load_address>
         <run_address>0xe0</run_address>
         <size>0x20</size>
         <input_file_ref idref="fl-c7"/>
      </object_component>
      <object_component id="oc-f1">
         <name>.debug_aranges</name>
         <load_address>0x100</load_address>
         <run_address>0x100</run_address>
         <size>0x20</size>
         <input_file_ref idref="fl-ca"/>
      </object_component>
      <object_component id="oc-147">
         <name>.debug_aranges</name>
         <load_address>0x120</load_address>
         <run_address>0x120</run_address>
         <size>0x20</size>
         <input_file_ref idref="fl-ca"/>
      </object_component>
      <object_component id="oc-141">
         <name>.debug_aranges</name>
         <load_address>0x140</load_address>
         <run_address>0x140</run_address>
         <size>0x20</size>
         <input_file_ref idref="fl-ca"/>
      </object_component>
      <object_component id="oc-eb">
         <name>.debug_aranges</name>
         <load_address>0x160</load_address>
         <run_address>0x160</run_address>
         <size>0x20</size>
         <input_file_ref idref="fl-ca"/>
      </object_component>
      <object_component id="oc-e6">
         <name>.debug_aranges</name>
         <load_address>0x180</load_address>
         <run_address>0x180</run_address>
         <size>0x20</size>
         <input_file_ref idref="fl-cc"/>
      </object_component>
      <object_component id="oc-e0">
         <name>.debug_aranges</name>
         <load_address>0x1a0</load_address>
         <run_address>0x1a0</run_address>
         <size>0x20</size>
         <input_file_ref idref="fl-cc"/>
      </object_component>
      <object_component id="oc-b3">
         <name>.debug_pubnames</name>
         <load_address>0x0</load_address>
         <run_address>0x0</run_address>
         <size>0x1b</size>
         <input_file_ref idref="fl-2"/>
      </object_component>
      <object_component id="oc-14">
         <name>.debug_pubnames</name>
         <load_address>0x1b</load_address>
         <run_address>0x1b</run_address>
         <size>0x23</size>
         <input_file_ref idref="fl-3"/>
      </object_component>
      <object_component id="oc-2c">
         <name>.debug_pubnames</name>
         <load_address>0x3e</load_address>
         <run_address>0x3e</run_address>
         <size>0x1f</size>
         <input_file_ref idref="fl-3"/>
      </object_component>
      <object_component id="oc-31">
         <name>.debug_pubnames</name>
         <load_address>0x5d</load_address>
         <run_address>0x5d</run_address>
         <size>0x1c</size>
         <input_file_ref idref="fl-3"/>
      </object_component>
      <object_component id="oc-3d">
         <name>.debug_pubnames</name>
         <load_address>0x79</load_address>
         <run_address>0x79</run_address>
         <size>0x28</size>
         <input_file_ref idref="fl-3"/>
      </object_component>
      <object_component id="oc-36">
         <name>.debug_pubnames</name>
         <load_address>0xa1</load_address>
         <run_address>0xa1</run_address>
         <size>0x1f</size>
         <input_file_ref idref="fl-3"/>
      </object_component>
      <object_component id="oc-26">
         <name>.debug_pubnames</name>
         <load_address>0xc0</load_address>
         <run_address>0xc0</run_address>
         <size>0x1e</size>
         <input_file_ref idref="fl-c1"/>
      </object_component>
      <object_component id="oc-68">
         <name>.debug_pubnames</name>
         <load_address>0xde</load_address>
         <run_address>0xde</run_address>
         <size>0x2d</size>
         <input_file_ref idref="fl-c1"/>
      </object_component>
      <object_component id="oc-ad">
         <name>.debug_pubnames</name>
         <load_address>0x10b</load_address>
         <run_address>0x10b</run_address>
         <size>0x27</size>
         <input_file_ref idref="fl-c5"/>
      </object_component>
      <object_component id="oc-fa">
         <name>.debug_pubnames</name>
         <load_address>0x132</load_address>
         <run_address>0x132</run_address>
         <size>0x1c</size>
         <input_file_ref idref="fl-c7"/>
      </object_component>
      <object_component id="oc-f2">
         <name>.debug_pubnames</name>
         <load_address>0x14e</load_address>
         <run_address>0x14e</run_address>
         <size>0x23</size>
         <input_file_ref idref="fl-ca"/>
      </object_component>
      <object_component id="oc-148">
         <name>.debug_pubnames</name>
         <load_address>0x171</load_address>
         <run_address>0x171</run_address>
         <size>0x25</size>
         <input_file_ref idref="fl-ca"/>
      </object_component>
      <object_component id="oc-142">
         <name>.debug_pubnames</name>
         <load_address>0x196</load_address>
         <run_address>0x196</run_address>
         <size>0x27</size>
         <input_file_ref idref="fl-ca"/>
      </object_component>
      <object_component id="oc-ec">
         <name>.debug_pubnames</name>
         <load_address>0x1bd</load_address>
         <run_address>0x1bd</run_address>
         <size>0x2c</size>
         <input_file_ref idref="fl-ca"/>
      </object_component>
      <object_component id="oc-e5">
         <name>.debug_pubnames</name>
         <load_address>0x1e9</load_address>
         <run_address>0x1e9</run_address>
         <size>0x2c</size>
         <input_file_ref idref="fl-cc"/>
      </object_component>
      <object_component id="oc-df">
         <name>.debug_pubnames</name>
         <load_address>0x215</load_address>
         <run_address>0x215</run_address>
         <size>0x2d</size>
         <input_file_ref idref="fl-cc"/>
      </object_component>
      <object_component id="oc-86">
         <name>.debug_pubtypes</name>
         <load_address>0x0</load_address>
         <run_address>0x0</run_address>
         <size>0x25c</size>
         <input_file_ref idref="fl-2"/>
      </object_component>
      <object_component id="oc-c8">
         <name>.debug_pubtypes</name>
         <load_address>0x25c</load_address>
         <run_address>0x25c</run_address>
         <size>0xff</size>
         <input_file_ref idref="fl-2"/>
      </object_component>
      <object_component id="oc-c3">
         <name>.debug_pubtypes</name>
         <load_address>0x35b</load_address>
         <run_address>0x35b</run_address>
         <size>0x330</size>
         <input_file_ref idref="fl-2"/>
      </object_component>
      <object_component id="oc-8b">
         <name>.debug_pubtypes</name>
         <load_address>0x68b</load_address>
         <run_address>0x68b</run_address>
         <size>0xaa</size>
         <input_file_ref idref="fl-2"/>
      </object_component>
      <object_component id="oc-49">
         <name>.debug_pubtypes</name>
         <load_address>0x735</load_address>
         <run_address>0x735</run_address>
         <size>0xed</size>
         <input_file_ref idref="fl-3"/>
      </object_component>
      <object_component id="oc-138">
         <name>.debug_pubtypes</name>
         <load_address>0x822</load_address>
         <run_address>0x822</run_address>
         <size>0x1c6</size>
         <input_file_ref idref="fl-ca"/>
      </object_component>
      <object_component id="oc-170">
         <name>.debug_pubtypes</name>
         <load_address>0x9e8</load_address>
         <run_address>0x9e8</run_address>
         <size>0x28</size>
         <input_file_ref idref="fl-cc"/>
      </object_component>
   </object_component_list>
   <logical_group_list>
      <logical_group id="lg-3" display="no" color="cyan">
         <name>.intvecs</name>
         <load_address>0x0</load_address>
         <run_address>0x0</run_address>
         <size>0x26c</size>
         <contents>
            <object_component_ref idref="oc-12"/>
         </contents>
      </logical_group>
      <logical_group id="lg-4" display="no" color="cyan">
         <name>.text</name>
         <load_address>0x26c</load_address>
         <run_address>0x26c</run_address>
         <size>0x28a</size>
         <contents>
            <object_component_ref idref="oc-13e"/>
            <object_component_ref idref="oc-33"/>
            <object_component_ref idref="oc-b0"/>
            <object_component_ref idref="oc-e3"/>
            <object_component_ref idref="oc-dd"/>
            <object_component_ref idref="oc-65"/>
            <object_component_ref idref="oc-144"/>
            <object_component_ref idref="oc-e9"/>
            <object_component_ref idref="oc-ef"/>
            <object_component_ref idref="oc-27"/>
            <object_component_ref idref="oc-aa"/>
            <object_component_ref idref="oc-f6"/>
            <object_component_ref idref="oc-39"/>
            <object_component_ref idref="oc-2d"/>
         </contents>
      </logical_group>
      <logical_group id="lg-5" display="no" color="cyan">
         <name>.const</name>
         <run_address>0x0</run_address>
         <size>0x0</size>
         <contents>
         </contents>
      </logical_group>
      <logical_group id="lg-6" display="no" color="cyan">
         <name>.cinit</name>
         <run_address>0x0</run_address>
         <size>0x0</size>
         <contents>
         </contents>
      </logical_group>
      <logical_group id="lg-7" display="no" color="cyan">
         <name>.pinit</name>
         <run_address>0x0</run_address>
         <size>0x0</size>
         <contents>
         </contents>
      </logical_group>
      <logical_group id="lg-8" display="no" color="cyan">
         <name>.init_array</name>
         <run_address>0x0</run_address>
         <size>0x0</size>
         <contents>
         </contents>
      </logical_group>
      <logical_group id="lg-9" display="no" color="cyan">
         <name>.vtable</name>
         <run_address>0x0</run_address>
         <size>0x0</size>
         <contents>
         </contents>
      </logical_group>
      <logical_group id="lg-a" display="no" color="cyan">
         <name>.data</name>
         <run_address>0x0</run_address>
         <size>0x0</size>
         <contents>
         </contents>
      </logical_group>
      <logical_group id="lg-b" display="no" color="cyan">
         <name>.bss</name>
         <run_address>0x0</run_address>
         <size>0x0</size>
         <contents>
         </contents>
      </logical_group>
      <logical_group id="lg-c" display="no" color="cyan">
         <name>.sysmem</name>
         <run_address>0x0</run_address>
         <size>0x0</size>
         <contents>
         </contents>
      </logical_group>
      <logical_group id="lg-d" display="no" color="cyan">
         <name>.stack</name>
         <run_address>0x20000000</run_address>
         <size>0x200</size>
         <contents>
            <object_component_ref idref="oc-24"/>
            <object_component_ref idref="oc-1d3"/>
         </contents>
      </logical_group>
      <logical_group id="lg-1a8" display="no" color="cyan">
         <name>.TI.noinit</name>
         <run_address>0x0</run_address>
         <size>0x0</size>
         <contents>
         </contents>
      </logical_group>
      <logical_group id="lg-1a9" display="no" color="cyan">
         <name>.TI.persistent</name>
         <run_address>0x0</run_address>
         <size>0x0</size>
         <contents>
         </contents>
      </logical_group>
      <logical_group id="lg-1aa" display="no" color="cyan">
         <name>__llvm_prf_cnts</name>
         <run_address>0x20000000</run_address>
         <size>0x0</size>
         <contents>
         </contents>
      </logical_group>
      <logical_group id="lg-1b9" display="never" color="cyan">
         <name>.debug_info</name>
         <load_address>0x0</load_address>
         <run_address>0x0</run_address>
         <size>0x2fc8</size>
         <contents>
            <object_component_ref idref="oc-cc"/>
            <object_component_ref idref="oc-b1"/>
            <object_component_ref idref="oc-85"/>
            <object_component_ref idref="oc-c7"/>
            <object_component_ref idref="oc-c2"/>
            <object_component_ref idref="oc-8a"/>
            <object_component_ref idref="oc-41"/>
            <object_component_ref idref="oc-13"/>
            <object_component_ref idref="oc-2a"/>
            <object_component_ref idref="oc-30"/>
            <object_component_ref idref="oc-3c"/>
            <object_component_ref idref="oc-34"/>
            <object_component_ref idref="oc-48"/>
            <object_component_ref idref="oc-25"/>
            <object_component_ref idref="oc-67"/>
            <object_component_ref idref="oc-ab"/>
            <object_component_ref idref="oc-f9"/>
            <object_component_ref idref="oc-14b"/>
            <object_component_ref idref="oc-f0"/>
            <object_component_ref idref="oc-146"/>
            <object_component_ref idref="oc-140"/>
            <object_component_ref idref="oc-ea"/>
            <object_component_ref idref="oc-137"/>
            <object_component_ref idref="oc-13c"/>
            <object_component_ref idref="oc-e4"/>
            <object_component_ref idref="oc-de"/>
            <object_component_ref idref="oc-16f"/>
            <object_component_ref idref="oc-1d4"/>
         </contents>
      </logical_group>
      <logical_group id="lg-1bb" display="never" color="cyan">
         <name>.debug_line</name>
         <load_address>0x0</load_address>
         <run_address>0x0</run_address>
         <size>0xb7d</size>
         <contents>
            <object_component_ref idref="oc-135"/>
            <object_component_ref idref="oc-b5"/>
            <object_component_ref idref="oc-88"/>
            <object_component_ref idref="oc-ca"/>
            <object_component_ref idref="oc-c5"/>
            <object_component_ref idref="oc-8d"/>
            <object_component_ref idref="oc-84"/>
            <object_component_ref idref="oc-40"/>
            <object_component_ref idref="oc-29"/>
            <object_component_ref idref="oc-2e"/>
            <object_component_ref idref="oc-3a"/>
            <object_component_ref idref="oc-37"/>
            <object_component_ref idref="oc-4b"/>
            <object_component_ref idref="oc-7e"/>
            <object_component_ref idref="oc-69"/>
            <object_component_ref idref="oc-ae"/>
            <object_component_ref idref="oc-fb"/>
            <object_component_ref idref="oc-177"/>
            <object_component_ref idref="oc-f3"/>
            <object_component_ref idref="oc-145"/>
            <object_component_ref idref="oc-13f"/>
            <object_component_ref idref="oc-ed"/>
            <object_component_ref idref="oc-13a"/>
            <object_component_ref idref="oc-16e"/>
            <object_component_ref idref="oc-e7"/>
            <object_component_ref idref="oc-e1"/>
            <object_component_ref idref="oc-172"/>
         </contents>
      </logical_group>
      <logical_group id="lg-1bd" display="never" color="cyan">
         <name>.debug_frame</name>
         <load_address>0x0</load_address>
         <run_address>0x0</run_address>
         <size>0x5bd</size>
         <contents>
            <object_component_ref idref="oc-b4"/>
            <object_component_ref idref="oc-28"/>
            <object_component_ref idref="oc-2f"/>
            <object_component_ref idref="oc-3b"/>
            <object_component_ref idref="oc-38"/>
            <object_component_ref idref="oc-6a"/>
            <object_component_ref idref="oc-af"/>
            <object_component_ref idref="oc-f8"/>
            <object_component_ref idref="oc-f4"/>
            <object_component_ref idref="oc-149"/>
            <object_component_ref idref="oc-143"/>
            <object_component_ref idref="oc-ee"/>
            <object_component_ref idref="oc-e8"/>
            <object_component_ref idref="oc-e2"/>
         </contents>
      </logical_group>
      <logical_group id="lg-1bf" display="never" color="cyan">
         <name>.debug_abbrev</name>
         <load_address>0x0</load_address>
         <run_address>0x0</run_address>
         <size>0x902</size>
         <contents>
            <object_component_ref idref="oc-134"/>
            <object_component_ref idref="oc-f5"/>
            <object_component_ref idref="oc-87"/>
            <object_component_ref idref="oc-c9"/>
            <object_component_ref idref="oc-c4"/>
            <object_component_ref idref="oc-8c"/>
            <object_component_ref idref="oc-83"/>
            <object_component_ref idref="oc-3f"/>
            <object_component_ref idref="oc-7f"/>
            <object_component_ref idref="oc-80"/>
            <object_component_ref idref="oc-82"/>
            <object_component_ref idref="oc-81"/>
            <object_component_ref idref="oc-4a"/>
            <object_component_ref idref="oc-7d"/>
            <object_component_ref idref="oc-b7"/>
            <object_component_ref idref="oc-dc"/>
            <object_component_ref idref="oc-14d"/>
            <object_component_ref idref="oc-176"/>
            <object_component_ref idref="oc-14c"/>
            <object_component_ref idref="oc-175"/>
            <object_component_ref idref="oc-174"/>
            <object_component_ref idref="oc-14a"/>
            <object_component_ref idref="oc-139"/>
            <object_component_ref idref="oc-16d"/>
            <object_component_ref idref="oc-13d"/>
            <object_component_ref idref="oc-136"/>
            <object_component_ref idref="oc-171"/>
            <object_component_ref idref="oc-1d5"/>
         </contents>
      </logical_group>
      <logical_group id="lg-1c1" display="never" color="cyan">
         <name>.debug_str</name>
         <load_address>0x0</load_address>
         <run_address>0x0</run_address>
         <size>0xca5</size>
         <contents>
            <object_component_ref idref="oc-89"/>
            <object_component_ref idref="oc-cb"/>
            <object_component_ref idref="oc-c6"/>
            <object_component_ref idref="oc-8e"/>
            <object_component_ref idref="oc-4c"/>
            <object_component_ref idref="oc-13b"/>
            <object_component_ref idref="oc-173"/>
         </contents>
      </logical_group>
      <logical_group id="lg-1c3" display="never" color="cyan">
         <name>.debug_aranges</name>
         <load_address>0x0</load_address>
         <run_address>0x0</run_address>
         <size>0x1c0</size>
         <contents>
            <object_component_ref idref="oc-b2"/>
            <object_component_ref idref="oc-2b"/>
            <object_component_ref idref="oc-32"/>
            <object_component_ref idref="oc-3e"/>
            <object_component_ref idref="oc-35"/>
            <object_component_ref idref="oc-66"/>
            <object_component_ref idref="oc-ac"/>
            <object_component_ref idref="oc-f7"/>
            <object_component_ref idref="oc-f1"/>
            <object_component_ref idref="oc-147"/>
            <object_component_ref idref="oc-141"/>
            <object_component_ref idref="oc-eb"/>
            <object_component_ref idref="oc-e6"/>
            <object_component_ref idref="oc-e0"/>
         </contents>
      </logical_group>
      <logical_group id="lg-1c5" display="never" color="cyan">
         <name>.debug_pubnames</name>
         <load_address>0x0</load_address>
         <run_address>0x0</run_address>
         <size>0x242</size>
         <contents>
            <object_component_ref idref="oc-b3"/>
            <object_component_ref idref="oc-14"/>
            <object_component_ref idref="oc-2c"/>
            <object_component_ref idref="oc-31"/>
            <object_component_ref idref="oc-3d"/>
            <object_component_ref idref="oc-36"/>
            <object_component_ref idref="oc-26"/>
            <object_component_ref idref="oc-68"/>
            <object_component_ref idref="oc-ad"/>
            <object_component_ref idref="oc-fa"/>
            <object_component_ref idref="oc-f2"/>
            <object_component_ref idref="oc-148"/>
            <object_component_ref idref="oc-142"/>
            <object_component_ref idref="oc-ec"/>
            <object_component_ref idref="oc-e5"/>
            <object_component_ref idref="oc-df"/>
         </contents>
      </logical_group>
      <logical_group id="lg-1c7" display="never" color="cyan">
         <name>.debug_pubtypes</name>
         <load_address>0x0</load_address>
         <run_address>0x0</run_address>
         <size>0xa10</size>
         <contents>
            <object_component_ref idref="oc-86"/>
            <object_component_ref idref="oc-c8"/>
            <object_component_ref idref="oc-c3"/>
            <object_component_ref idref="oc-8b"/>
            <object_component_ref idref="oc-49"/>
            <object_component_ref idref="oc-138"/>
            <object_component_ref idref="oc-170"/>
         </contents>
      </logical_group>
      <logical_group id="lg-1d2" display="no" color="cyan">
         <name>Veneer$$CMSE</name>
         <run_address>0x0</run_address>
         <size>0x0</size>
         <contents>
         </contents>
      </logical_group>
      <load_segment id="lg-1d6" display="no" color="cyan">
         <name>SEGMENT_0</name>
         <load_address>0x0</load_address>
         <run_address>0x0</run_address>
         <size>0x4f6</size>
         <flags>0x5</flags>
         <contents>
            <logical_group_ref idref="lg-3"/>
            <logical_group_ref idref="lg-4"/>
         </contents>
      </load_segment>
      <load_segment id="lg-1d7" display="no" color="cyan">
         <name>SEGMENT_1</name>
         <run_address>0x20000000</run_address>
         <size>0x200</size>
         <flags>0x6</flags>
         <contents>
            <logical_group_ref idref="lg-d"/>
         </contents>
      </load_segment>
   </logical_group_list>
   <placement_map>
      <memory_area display="yes" color="green">
         <name>FLASH</name>
         <page_id>0x0</page_id>
         <origin>0x0</origin>
         <length>0x40000</length>
         <used_space>0x4f6</used_space>
         <unused_space>0x3fb0a</unused_space>
         <attributes>RX</attributes>
         <usage_details>
            <allocated_space>
               <start_address>0x0</start_address>
               <size>0x26c</size>
               <logical_group_ref idref="lg-3"/>
            </allocated_space>
            <allocated_space>
               <start_address>0x26c</start_address>
               <size>0x28a</size>
               <logical_group_ref idref="lg-4"/>
            </allocated_space>
            <available_space>
               <start_address>0x4f6</start_address>
               <size>0x3fb0a</size>
            </available_space>
         </usage_details>
      </memory_area>
      <memory_area display="yes" color="green">
         <name>SRAM</name>
         <page_id>0x0</page_id>
         <origin>0x20000000</origin>
         <length>0x8000</length>
         <used_space>0x200</used_space>
         <unused_space>0x7e00</unused_space>
         <attributes>RWX</attributes>
         <usage_details>
            <allocated_space>
               <start_address>0x20000000</start_address>
               <size>0x0</size>
               <logical_group_ref idref="lg-1aa"/>
            </allocated_space>
            <allocated_space>
               <start_address>0x20000000</start_address>
               <size>0x200</size>
               <logical_group_ref idref="lg-d"/>
            </allocated_space>
            <available_space>
               <start_address>0x20000200</start_address>
               <size>0x7e00</size>
            </available_space>
         </usage_details>
      </memory_area>
   </placement_map>
   <symbol_table>
      <symbol id="sm-1">
         <name>__STACK_TOP</name>
         <value>0x20000200</value>
      </symbol>
      <symbol id="sm-2">
         <name>__start___llvm_prf_cnts</name>
         <value>0x20000000</value>
      </symbol>
      <symbol id="sm-3">
         <name>__stop___llvm_prf_cnts</name>
         <value>0x20000000</value>
      </symbol>
      <symbol id="sm-4">
         <name>binit</name>
         <value>0xffffffff</value>
      </symbol>
      <symbol id="sm-5">
         <name>__binit__</name>
         <value>0xffffffff</value>
      </symbol>
      <symbol id="sm-6">
         <name>__STACK_SIZE</name>
         <value>0x200</value>
      </symbol>
      <symbol id="sm-7">
         <name>__STACK_END</name>
         <value>0x20000200</value>
      </symbol>
      <symbol id="sm-8">
         <name>__c_args__</name>
         <value>0xffffffff</value>
      </symbol>
      <symbol id="sm-9">
         <name>__TI_pprof_out_hndl</name>
         <value>0xffffffff</value>
      </symbol>
      <symbol id="sm-a">
         <name>__TI_prof_data_start</name>
         <value>0xffffffff</value>
      </symbol>
      <symbol id="sm-b">
         <name>__TI_prof_data_size</name>
         <value>0xffffffff</value>
      </symbol>
      <symbol id="sm-c">
         <name>__TI_static_base__</name>
         <value>0x0</value>
      </symbol>
      <symbol id="sm-4d">
         <name>main</name>
         <value>0x3a1</value>
         <object_component_ref idref="oc-b0"/>
      </symbol>
      <symbol id="sm-83">
         <name>ResetISR</name>
         <value>0x4e5</value>
         <object_component_ref idref="oc-27"/>
      </symbol>
      <symbol id="sm-84">
         <name>g_pfnVectors</name>
         <value>0x0</value>
         <object_component_ref idref="oc-12"/>
      </symbol>
      <symbol id="sm-9a">
         <name>_c_int00_noinit_noargs</name>
         <value>0x471</value>
         <object_component_ref idref="oc-65"/>
      </symbol>
      <symbol id="sm-9b">
         <name>__stack</name>
         <value>0x20000000</value>
         <object_component_ref idref="oc-24"/>
      </symbol>
      <symbol id="sm-a8">
         <name>_system_pre_init</name>
         <value>0x4eb</value>
         <object_component_ref idref="oc-aa"/>
      </symbol>
      <symbol id="sm-b4">
         <name>C$$EXIT</name>
         <value>0x4ef</value>
         <object_component_ref idref="oc-f6"/>
      </symbol>
      <symbol id="sm-b5">
         <name>abort</name>
         <value>0x4ef</value>
         <object_component_ref idref="oc-f6"/>
      </symbol>
      <symbol id="sm-e3">
         <name>GPIOPinTypeGPIOOutput</name>
         <value>0x4c7</value>
         <object_component_ref idref="oc-e9"/>
      </symbol>
      <symbol id="sm-e4">
         <name>GPIODirModeSet</name>
         <value>0x49d</value>
         <object_component_ref idref="oc-144"/>
      </symbol>
      <symbol id="sm-e5">
         <name>GPIOPinWrite</name>
         <value>0x4df</value>
         <object_component_ref idref="oc-ef"/>
      </symbol>
      <symbol id="sm-e6">
         <name>GPIOPadConfigSet</name>
         <value>0x26d</value>
         <object_component_ref idref="oc-13e"/>
      </symbol>
      <symbol id="sm-106">
         <name>SysCtlPeripheralEnable</name>
         <value>0x43d</value>
         <object_component_ref idref="oc-dd"/>
      </symbol>
      <symbol id="sm-107">
         <name>SysCtlPeripheralReady</name>
         <value>0x405</value>
         <object_component_ref idref="oc-e3"/>
      </symbol>
      <symbol id="sm-109">
         <name>__mpu_init</name>
         <value>0x0</value>
      </symbol>
   </symbol_table>
   <title>Link successful</title>
</link_info>
